date,security_id,open_price,high_price,low_price,close_price,volume
2026-04-15,AAPL,257.7001261657452,266.08515659729386,257.35074355126085,265.95538330078125,49913500
2026-04-16,AAPL,266.3247234477873,266.68409800240715,260.80457553569033,262.9307861328125,43323100
2026-04-17,AAPL,266.4844323486072,271.8149160854778,266.24486962975914,269.7486267089844,61436200
2026-04-20,AAPL,269.84841238867654,273.7913879220191,269.80850557942483,272.5635681152344,36590200
2026-04-21,AAPL,271.0163536236942,272.3140256362382,264.9272139873882,265.69586181640625,50209800
2026-04-22,AAPL,267.3429346055621,273.2523721409737,266.39461467279705,272.68341064453125,43249200
2026-04-23,AAPL,274.56001085217736,275.2787294551341,271.1660737405759,272.9429016113281,33399600
2026-04-24,AAPL,272.2741016414235,272.5735550213531,269.16962610782736,270.5771179199219,38157100
2026-04-27,AAPL,265.6159889280984,267.88193422863776,264.59781690250213,267.1332702636719,41466800
2026-04-28,AAPL,271.8548539018017,272.7432830913257,268.181416710472,270.2277526855469,40018900
2026-04-29,AAPL,267.07336249706583,270.55716597281076,266.56429174844374,269.688720703125,30047900
2026-04-30,AAPL,270.018146234023,275.50834883767226,267.6623648300734,270.86663818359375,91848200
2026-05-01,AAPL,278.3632420760759,286.70836594964845,277.8741246788477,279.6409912109375,79915400
2026-05-04,AAPL,279.16179801165765,280.13007120517506,274.3703307853319,276.3368225097656,46668400
2026-05-05,AAPL,276.43668191704,284.0630869835518,276.00745521106614,283.67376708984375,49311700
2026-05-06,AAPL,281.4178249779708,287.5169265187869,280.5693330033821,286.99786376953125,58336100
2026-05-07,AAPL,288.75470528792926,291.6096265406606,285.2709318587503,286.927978515625,45224300
2026-05-08,AAPL,289.49338424193445,294.2349225642168,289.48339230776435,292.7974853515625,52692800
2026-05-11,AAPL,291.72841688276577,293.6267735875138,289.979924827367,292.42779541015625,42247300
2026-05-12,AAPL,292.3078994315659,295.0155556946294,292.3078994315659,294.54595947265625,45748100
2026-05-13,AAPL,293.24708951115105,300.6607090744109,293.24708951115105,298.6124572753906,52684300
2026-05-14,AAPL,299.5616620172475,300.1911240450107,295.12548538387824,297.9530334472656,35324900
2026-05-15,AAPL,297.643304079477,302.93875555297063,296.26448829773227,299.9713134765625,54862800
2026-05-18,AAPL,299.98126929450746,300.4009207908792,294.6558756451712,297.5833435058594,34483000
2026-05-19,AAPL,296.7140952726279,300.2510533099592,296.09463441963413,298.7123718261719,42243600
2026-05-20,AAPL,297.9230626302997,302.5390768782648,297.82314269813475,301.98956298828125,38229800
2026-05-21,AAPL,300.80056674721834,305.27671719779084,300.1411318265125,304.7271728515625,42965100
2026-05-22,AAPL,305.85620846339293,311.13165741506583,305.57645096183757,308.55389404296875,43670200
2026-05-26,AAPL,309.29325163060713,311.5513139598484,307.4048960873393,308.0643005371094,48000500
2026-05-27,AAPL,308.0643052358437,312.9900803339556,308.0343323058515,310.5821533203125,50430900
2026-05-28,AAPL,310.412282475935,312.5304508120942,309.30325358892543,312.24072265625,48220400
2026-05-29,AAPL,311.5113496628706,314.7285763294451,309.2632884033746,311.7911071777344,70026800
2026-06-01,AAPL,309.363197507879,310.67206624496237,304.7571540774977,306.0460510253906,48849900
2026-06-02,AAPL,307.1950545511415,315.1781903378333,306.42572903356995,314.92840576171875,44534700
2026-06-03,AAPL,313.9092501546009,316.6668815001487,308.5838566628498,309.9926452636719,50836700
2026-06-04,AAPL,312.96009909963743,313.26982953176514,309.38316692864953,310.9618225097656,44869100
2026-06-05,AAPL,312.5903972939029,314.8984348439246,306.8853260765596,307.0751647949219,65310500
2026-06-08,AAPL,308.4739595974908,317.1265012321255,300.9105055796523,301.2801818847656,77949100
2026-06-09,AAPL,300.0212482417878,300.4908444635933,287.5320194610898,290.29962158203125,70108800
2026-06-10,AAPL,290.4894628291428,294.4960172141002,287.1323727394638,291.3287353515625,52793300
2026-06-11,AAPL,293.4668864344149,296.7440586571729,289.3404406054596,295.375244140625,42572500
2026-06-12,AAPL,295.7749221682621,296.88398158337014,289.3704417369658,290.879150390625,38742100
2026-06-15,AAPL,293.8665449684006,297.5233947188816,291.4486474146935,296.1645812988281,45732600
2026-06-16,AAPL,294.99559499590845,300.2210994929347,293.71669913987887,298.9821472167969,39874400
2026-06-17,AAPL,300.59074812548096,301.8096980081642,294.10632015937927,295.6949768066406,42745100
2026-06-18,AAPL,297.8530937792582,300.31099586682666,295.3652492546472,297.7532043457031,85962200
2026-06-22,AAPL,297.05381866220307,302.1594314563154,296.5043047694293,296.75408935546875,44879900
2026-06-23,AAPL,297.2836155142734,301.3800886038737,293.9264950024863,294.04638671875,52010900
2026-06-24,AAPL,295.1054570720635,299.4417438827621,292.68755959702736,292.8274230957031,53081900
2026-06-25,AAPL,287.1523472601469,288.55113481081804,273.5141152813601,274.91290283203125,107013700
2026-06-26,AAPL,274.7630284991681,285.70360492137456,273.9737007161028,283.53546142578125,261775500
2026-06-29,AAPL,286.4829438934296,288.12151489662153,279.6088673150861,281.4972229003906,66427000
2026-06-30,AAPL,280.9277417485351,289.69017405322865,280.45814550695326,289.11065673828125,65100200
2026-07-01,AAPL,293.1871503157195,296.33442991747245,288.95081360688545,294.1263427734375,50164200
2026-07-02,AAPL,293.866538367699,309.15337194761725,293.4269150966668,308.3640441894531,75352800
2026-07-06,AAPL,307.0951430290638,313.9292760509671,306.7354678654279,312.3905944824219,53590000
2026-07-07,AAPL,315.0183186077797,315.20815732134815,309.88273318392555,310.3923034667969,42490000
2026-07-08,AAPL,311.6412289475945,314.5487250421545,306.7854009831778,313.1199645996094,41323500
2026-07-09,AAPL,310.24243869469103,316.2572401947346,307.8944576262147,315.947509765625,48124500
2026-07-10,AAPL,314.4488202226986,316.6369356310425,311.9010296470402,315.0483093261719,34132300
2026-07-13,AAPL,316.7468014245228,323.171283634363,315.5078797345754,317.03656005859375,43257800
2026-07-14,AAPL,313.48965629761443,315.91755515351207,311.64124426456783,314.58868408203125,36336800
2026-07-15,AAPL,317.34631234952286,328.44675508114506,317.0465830462295,327.2178039550781,60957600
2026-07-16,AAPL,327.72736328456057,334.3915986652446,326.50841333986017,332.97283935546875,62970600
2026-07-17,AAPL,331.693929977533,334.7013154010385,328.71648699084636,333.452392578125,63407100
2026-07-20,AAPL,333.2226134619852,333.4224228207836,323.4010672140761,326.3085632324219,53468000
2026-07-21,AAPL,322.85156758462244,329.3159936819017,321.94234806189104,327.45758056640625,41338900
2026-07-22,AAPL,327.58746619388995,328.7164973399543,323.0613709608057,325.60919189453125,38755900
2026-07-23,AAPL,321.4527900194849,323.0214140443725,319.0748358849152,321.3828430175781,40840800
2026-07-24,AAPL,321.5127284115298,334.0818750563203,321.3428614810286,332.7330322265625,47489400
2026-07-27,AAPL,334.2517370375488,339.277401491225,333.73216560461384,336.61968994140625,49604300
2026-07-28,AAPL,339.73698155301014,342.59453283396704,335.31080637618777,339.78692626953125,51859000
2026-07-29,AAPL,339.43727163464206,344.2730974331505,337.0593175600121,337.8985900878906,56090800
2026-07-30,AAPL,332.8129674612056,334.4615395264105,329.30598233808786,333.1426696777344,74817800
2026-07-31,AAPL,304.54735603914753,310.4222943774597,299.7415030462749,308.6438293457031,132489100
2026-08-03,AAPL,309.313234694189,311.5313230344714,302.29929450581176,303.1585693359375,75052000
2026-08-04,AAPL,302.46913991298527,310.1525156602479,301.0603512911937,309.1134033203125,68001000
2026-08-05,AAPL,309.09342362565195,311.4414048335362,305.40663118634393,310.7320251464844,49438800
2026-08-06,AAPL,314.06913775686996,316.0174696892129,308.96355554648414,312.14080810546875,46139900
2026-08-07,AAPL,311.1816431226555,314.53873325457766,310.47223295908327,313.05999755859375,34437200
2026-08-10,AAPL,306.8299865722656,308.260009765625,304.6099853515625,308.260009765625,44812500
2026-08-11,AAPL,307.75,309.9700012207031,302.7900085449219,304.9100036621094,37476700
2026-08-12,AAPL,305.1000061035156,305.6600036621094,300.57000732421875,302.25,41657800
2026-08-13,AAPL,304.2099914550781,306.0,302.04998779296875,305.260009765625,40349300
2026-08-14,AAPL,306.0,307.489990234375,304.29998779296875,305.92999267578125,28229400
2026-08-17,AAPL,306.2099914550781,307.6600036621094,302.94000244140625,305.5899963378906,38169300
2026-08-18,AAPL,307.5799865722656,311.489990234375,305.739990234375,310.0299987792969,53424500
2026-08-19,AAPL,310.1400146484375,319.2799987792969,309.6000061035156,316.8299865722656,50505600
2026-08-20,AAPL,317.4599914550781,320.2799987792969,310.6499938964844,311.29998779296875,40959200
2026-08-21,AAPL,312.04998779296875,312.3800048828125,307.010009765625,309.3500061035156,46768100
2026-04-15,MSFT,396.3936283702306,412.69755239260473,395.1287651714373,409.5602722167969,45063400
2026-04-16,MSFT,418.16537187855886,419.12151906860663,410.4765600541581,418.56378173828125,41642400
2026-04-17,MSFT,423.10539315661504,429.83808848207923,418.99205736838906,421.0835876464844,48568200
2026-04-20,MSFT,419.4501847919345,421.6213787702164,414.6197538627068,416.38262939453125,27582200
2026-04-21,MSFT,418.54386715015573,425.4558591722327,415.51615872358184,422.44805908203125,32048500
2026-04-22,MSFT,424.4698510786937,431.9495495900464,421.9600330275293,431.1726989746094,29378200
2026-04-23,MSFT,418.19526527607866,421.9500379562064,409.7494810939023,414.07196044921875,38308000
2026-04-24,MSFT,415.28707116170386,423.23487407473965,414.12178001797366,422.90618896484375,27457400
2026-04-27,MSFT,420.6752229306716,425.38611256831246,415.3866572294081,423.1053771972656,30867300
2026-04-28,MSFT,422.8563830057505,428.1847957314844,420.197146128082,427.5174865722656,30438100
2026-04-29,MSFT,422.866306449911,425.0972860808559,418.59364353468584,422.7467956542969,38288300
2026-04-30,MSFT,409.15192465494977,412.74737011555624,396.4035989759817,406.1341552734375,70909400
2026-05-01,MSFT,411.1338775963461,415.4264794885345,408.7834174283456,412.76727294921875,31372400
2026-05-04,MSFT,409.87897009526375,419.0816663151199,409.14193618030583,411.9505615234375,28066500
2026-05-05,MSFT,413.6437352165572,415.09783400354706,407.1500311208482,409.7196350097656,25700900
2026-05-06,MSFT,406.3532485673598,416.73120520087787,403.4748984673602,412.2891845703125,30285900
2026-05-07,MSFT,418.41437649189606,426.25263786097554,417.06984955189336,419.07171630859375,34942400
2026-05-08,MSFT,415.70537649227293,416.9403619714099,412.32904436576047,413.44451904296875,33383800
2026-05-11,MSFT,406.22377045102496,411.02432350049145,403.86334099070683,410.99444580078125,35657900
2026-05-12,MSFT,412.8071154720842,413.8229876767416,404.9987623844293,406.1241760253906,38594200
2026-05-13,MSFT,401.57265715241186,404.6700902960666,399.41140211310335,403.57452392578125,29667100
2026-05-14,MSFT,402.847493220503,410.1777730080913,399.2620170659624,407.7774963378906,27077500
2026-05-15,MSFT,412.5979239362014,426.4418454559798,411.2434277199191,420.2170715332031,50771200
2026-05-18,MSFT,414.93848271907115,423.40417602339767,413.9325494355234,421.83056640625,32564100
2026-05-19,MSFT,428.16486989475214,430.9535870211983,414.808990493047,415.7352600097656,33018700
2026-05-20,MSFT,412.49835957243755,420.3963455784958,409.63991780241736,419.36053466796875,27864000
2026-05-21,MSFT,423.9518891931334,425.5388979071037,414.92886694253497,418.3025207519531,31393500
2026-05-22,MSFT,418.7517174636334,423.60257118762803,415.54772693408205,417.7835388183594,22390300
2026-05-26,MSFT,415.6475333356961,418.9812539216563,412.24393696715845,415.248291015625,30398000
2026-05-27,MSFT,410.23773822181624,415.15846763645,408.8104019854481,411.8946228027344,28901500
2026-05-28,MSFT,412.2040283766931,428.68298564682067,411.89461329838434,426.18768310546875,47250500
2026-05-29,MSFT,431.7372486144539,449.48383969057267,431.54760317786213,449.3940124511719,79654400
2026-06-01,MSFT,463.96658383705716,465.4438139523178,457.40892124774234,459.6546936035156,53628900
2026-06-02,MSFT,446.0403151791343,452.64787129328397,439.6024225764256,440.48077392578125,37036800
2026-06-03,MSFT,437.62618910935214,439.56254639446627,423.45285793258154,426.53704833984375,39037000
2026-06-04,MSFT,434.9911260035114,435.33048350032107,425.60879436274143,427.2456970214844,26899500
2026-06-05,MSFT,427.5351398188391,428.66302140752947,413.6213308264138,415.8870849609375,34782200
2026-06-08,MSFT,413.3618539280056,416.37616844333525,407.79232157753756,410.9663391113281,32086700
2026-06-09,MSFT,408.26144336727174,411.20591258759293,397.7312786929967,402.6520080566406,35317300
2026-06-10,MSFT,397.80110870103243,404.2789346443135,396.41373636313654,396.61334228515625,32576000
2026-06-11,MSFT,394.46741202742857,396.1043451719433,383.278483574852,389.6065673828125,47224100
2026-06-12,MSFT,390.6945042817559,391.003919361718,381.55171206615995,390.00579833984375,34865800
2026-06-15,MSFT,396.05442037645633,400.99513175706005,392.11186050588947,399.0088806152344,32266400
2026-06-16,MSFT,395.0463355104342,396.094350419825,389.9559121071713,393.0899963378906,31506800
2026-06-17,MSFT,389.51671695343225,389.6364865987809,376.6110198431126,378.1980285644531,41987800
2026-06-18,MSFT,377.11008548581106,380.6534028700893,372.5786075934489,378.6871032714844,59714200
2026-06-22,MSFT,375.0339909424311,380.9129385065033,366.3802985575179,366.6497802734375,45171100
2026-06-23,MSFT,371.6802994138851,376.51120135394876,369.9735210485466,373.23736572265625,40647600
2026-06-24,MSFT,370.87185096853153,378.16811350773463,364.09460041679364,364.7733154296875,44509900
2026-06-25,MSFT,362.0883479855026,363.5456265920902,348.54386902384044,352.1670227050781,66179000
2026-06-26,MSFT,356.4789138154501,375.90234020580533,354.762144454129,372.2691955566406,186201600
2026-06-29,MSFT,376.790685328561,379.7850483907747,359.2237492715265,367.8774719238281,51229900
2026-06-30,MSFT,370.3328407149792,373.44697342275583,366.7595808670141,372.319091796875,44945700
2026-07-01,MSFT,380.1144231011508,388.09939143880604,374.18561213385976,383.5579528808594,48065800
2026-07-02,MSFT,383.7575696594082,391.4630649298244,382.97903650468743,389.7562561035156,42128900
2026-07-06,MSFT,386.31276024010407,388.418780928489,380.5036887115837,386.0133056640625,34224500
2026-07-07,MSFT,391.75251064257776,394.8267404517197,387.4905448392632,388.109375,29297500
2026-07-08,MSFT,383.3084264217563,384.58602015004215,380.6134873969759,382.6197204589844,25908300
2026-07-09,MSFT,373.74643420118315,383.92725049460796,372.64849496928053,383.6377868652344,31083200
2026-07-10,MSFT,387.07131223677504,391.1736053926777,380.783162110783,384.37640380859375,24644600
2026-07-13,MSFT,387.02143811329415,392.91034623109437,383.4281962321871,390.2553405761719,28914900
2026-07-14,MSFT,382.1007052927433,387.46061042423804,377.93852713765,384.20672607421875,27863900
2026-07-15,MSFT,387.07132248997675,398.2103568181361,385.6739591427675,394.8866271972656,36253700
2026-07-16,MSFT,397.56157784187184,405.2271399033625,391.31333055964967,400.3463439941406,37047400
2026-07-17,MSFT,394.1180409920291,397.64143734197864,388.6583483977542,393.08001708984375,33049800
2026-07-20,MSFT,390.67455694621333,402.4224305318551,388.91785418191677,401.53411865234375,27915800
2026-07-21,MSFT,398.0606303262699,400.7156358198418,395.57531880381754,397.00262451171875,24126600
2026-07-22,MSFT,398.8291961465565,400.246541441447,386.2329133568751,389.6065673828125,28142500
2026-07-23,MSFT,389.23725659651495,391.04385321150613,376.68090752842744,380.8630065917969,30351800
2026-07-24,MSFT,386.32274187573427,388.29903252889795,379.9347732203772,380.9828186035156,27659400
2026-07-27,MSFT,389.3470355932277,393.45931979821836,387.2609663085435,388.368896484375,27856200
2026-07-28,MSFT,392.4212554523594,399.56780545733704,390.5647345556998,392.61090087890625,32367500
2026-07-29,MSFT,392.6607942930367,400.4960502148319,388.00954678983055,389.8061828613281,47209000
2026-07-30,MSFT,437.07720086969465,457.8281459885008,431.6274684759506,450.2524108886719,110160700
2026-07-31,MSFT,449.1544591210436,465.962813447145,448.4857046349594,463.8468017578125,60846000
2026-08-03,MSFT,475.2353605631651,490.7261876465455,474.10747895013026,486.73370361328125,66762100
2026-08-04,MSFT,479.99640781848416,498.50158065157444,478.2696778930625,491.884033203125,50455500
2026-08-05,MSFT,495.42733843271316,497.3038108374591,484.7674131728324,486.5440673828125,33388900
2026-08-06,MSFT,487.6319998350186,500.61756372489685,487.60205742358346,498.9207458496094,36441500
2026-08-07,MSFT,498.2719734340298,504.23075699317457,497.79289485093346,499.0505065917969,28846200
2026-08-10,MSFT,502.4940586092805,512.7647021753171,501.32624359045303,505.109130859375,31206100
2026-08-11,MSFT,503.3823542433026,504.38047525067043,498.61133704649393,502.86334228515625,23049800
2026-08-12,MSFT,499.0505227551261,500.557695253814,490.59643643442394,491.5047302246094,29001500
2026-08-13,MSFT,492.34314786956145,500.3979918654044,492.0836571155829,495.9463806152344,23039000
2026-08-14,MSFT,495.42733437790497,499.07050046550256,492.991947114923,494.4691467285156,16217600
2026-08-17,MSFT,489.21906226283284,491.73431632358415,477.51109147171053,479.44744873046875,29635800
2026-08-18,MSFT,480.6352093836093,483.36006030134655,476.2534434403709,480.72503662109375,24087600
2026-08-19,MSFT,479.16797047398614,488.3806080919379,478.4592826108848,483.3999938964844,19961900
2026-08-20,MSFT,483.29998779296875,484.1600036621094,479.5,481.1499938964844,20020800
2026-08-21,MSFT,479.8800048828125,486.3599853515625,478.5299987792969,483.239990234375,22489200
2026-04-15,NVDA,196.31119931453722,200.166706463506,195.5121427945441,198.63848876953125,185338400
2026-04-16,NVDA,197.20015246424893,199.6173486077875,195.58204328148997,198.1190948486328,134012900
2026-04-17,NVDA,199.66727910555997,201.46518667284232,199.03802288778024,201.44520568847656,160324400
2026-04-20,NVDA,199.7471876833392,201.9346406188145,197.6096795882359,201.82476806640625,119381400
2026-04-21,NVDA,201.89470437258373,202.51397775047528,198.76834314349978,199.64732360839844,107945300
2026-04-22,NVDA,200.75603026628932,202.26426696777344,198.76834136586132,202.26426696777344,107501000
2026-04-23,NVDA,202.22431724671497,203.59271751351986,196.99041179336916,199.4075927734375,113561800
2026-04-24,NVDA,199.72721882416832,210.70441481695215,199.57738430538978,208.0275421142578,214134400
2026-04-27,NVDA,209.4059296471886,216.5775789683675,207.13858324348888,216.3578338623047,187172400
2026-04-28,NVDA,209.24613572912838,214.4800260296235,207.95762889823203,212.92184448242188,180275400
2026-04-29,NVDA,212.4523894424142,212.47237042757808,207.33835459433345,209.00640869140625,123711800
2026-04-30,NVDA,209.68560172993963,210.05518135667162,198.46867945247158,199.33767700195312,225239200
2026-05-01,NVDA,201.0456862731779,202.76368521944246,196.89052532216473,198.21897888183594,128647000
2026-05-04,NVDA,199.26774870200734,201.49514834231712,194.51329562325486,198.24893188476562,125368100
2026-05-05,NVDA,199.06798360144137,200.00689171848026,195.80178617585554,196.271240234375,113406600
2026-05-06,NVDA,199.65729931010404,208.0275486883452,198.37879062945476,207.5880584716797,188362800
2026-05-07,NVDA,208.0974592073836,213.95063795079753,206.25960488465944,211.2537841796875,168307900
2026-05-08,NVDA,212.7820061205359,217.5464575316693,212.642169707093,214.94947814941406,136421400
2026-05-11,NVDA,213.79081709888328,222.04121091513153,213.64099781886503,219.18453979492188,160685800
2026-05-12,NVDA,218.29558003818886,223.48952345691538,214.6698009927987,220.52297973632812,159176600
2026-05-13,NVDA,224.6681467194947,227.57476278227756,221.3120728008497,225.56710815429688,150405400
2026-05-14,NVDA,229.58243343997336,236.26463268418732,229.03307065698914,235.465576171875,180782900
2026-05-15,NVDA,229.49252726355346,231.23050718880455,223.97896415639156,225.05770874023438,180977600
2026-05-18,NVDA,229.60240180074675,229.7322553439391,218.1157890335498,222.0612030029297,146280900
2026-05-19,NVDA,219.36432694236115,224.21866983705235,217.6563261548179,220.35317993164062,140948200
2026-05-20,NVDA,222.9201831873553,225.8667612103758,220.2433103590018,223.20985412597656,184201600
2026-05-21,NVDA,222.03121805596584,227.13526994336974,217.6762930684293,219.25445556640625,203381800
2026-05-22,NVDA,220.64283833374193,220.75271088945502,214.54994865072538,215.07933044433594,169275700
2026-05-26,NVDA,216.28791550863897,217.92600574795006,211.75320730356688,214.60987854003906,187202600
2026-05-27,NVDA,213.87072806866348,213.90069192498567,208.53694826896,212.35250854492188,167601200
2026-05-28,NVDA,211.03403615445995,215.2691056248748,210.97410844231206,214.00057983398438,143996000
2026-05-29,NVDA,214.33020874183248,217.6063892667686,210.88422794322287,210.8942108154297,289410600
2026-06-01,NVDA,215.47885750139108,224.60821672379726,215.44889364463796,224.09881591796875,212850700
2026-06-02,NVDA,226.91551751623658,232.00958636747916,221.09231801448135,222.56060791015625,193362900
2026-06-03,NVDA,221.46188713313538,222.56061267075634,214.2602739078757,214.5,160907000
2026-06-04,NVDA,213.91000366210938,221.60000610351562,210.97000122070312,218.66000366210938,169022200
2026-06-05,NVDA,214.52999877929688,214.8699951171875,204.3300018310547,205.10000610351562,219655500
2026-06-08,NVDA,210.17999267578125,210.47000122070312,206.0,208.63999938964844,138372800
2026-06-09,NVDA,210.6199951171875,211.39999389648438,199.33999633789062,208.19000244140625,180962500
2026-06-10,NVDA,204.42999267578125,207.22000122070312,199.9199981689453,200.4199981689453,161746600
2026-06-11,NVDA,201.49000549316406,205.66000366210938,199.5399932861328,204.8699951171875,158643200
2026-06-12,NVDA,204.86000061035156,207.07000732421875,203.44000244140625,205.19000244140625,112001800
2026-06-15,NVDA,208.9199981689453,212.7100067138672,208.33999633789062,212.4499969482422,149936700
2026-06-16,NVDA,211.17999267578125,211.49000549316406,207.2899932861328,207.41000366210938,125694100
2026-06-17,NVDA,208.52999877929688,209.2100067138672,203.0800018310547,204.64999389648438,128363500
2026-06-18,NVDA,207.3300018310547,211.38999938964844,206.5,210.69000244140625,241272000
2026-06-22,NVDA,211.44000244140625,213.99000549316406,207.72000122070312,208.64999389648438,122041400
2026-06-23,NVDA,202.1699981689453,203.77000427246094,200.0,200.0399932861328,153496200
2026-06-24,NVDA,200.1199951171875,201.6699981689453,196.5800018310547,199.0,151810700
2026-06-25,NVDA,200.0800018310547,200.8000030517578,192.1300048828125,195.74000549316406,149550000
2026-06-26,NVDA,193.1199951171875,195.5500030517578,191.22000122070312,192.52999877929688,179304100
2026-06-29,NVDA,193.85000610351562,196.17999267578125,189.8000030517578,194.97000122070312,148835700
2026-06-30,NVDA,197.24000549316406,200.6300048828125,195.11000061035156,200.08999633789062,166476700
2026-07-01,NVDA,196.1999969482422,199.85000610351562,193.4499969482422,197.5800018310547,146147600
2026-07-02,NVDA,197.13999938964844,200.05999755859375,192.35000610351562,194.8300018310547,142068700
2026-07-06,NVDA,194.4199981689453,197.5500030517578,193.99000549316406,195.5500030517578,108999000
2026-07-07,NVDA,192.3699951171875,198.41000366210938,191.13999938964844,196.92999267578125,124154600
2026-07-08,NVDA,195.17999267578125,205.16000366210938,195.05999755859375,204.1199951171875,147419100
2026-07-09,NVDA,204.4600067138672,204.58999633789062,198.9600067138672,202.77999877929688,132037400
2026-07-10,NVDA,202.0,211.0,201.9199981689453,210.9600067138672,148421000
2026-07-13,NVDA,208.5399932861328,210.57000732421875,203.0,203.52999877929688,121411000
2026-07-14,NVDA,208.1999969482422,212.5500030517578,203.8000030517578,211.8000030517578,124379600
2026-07-15,NVDA,211.9600067138672,213.80999755859375,206.0399932861328,212.5,124797200
2026-07-16,NVDA,210.1699981689453,211.0800018310547,205.85000610351562,207.39999389648438,122986100
2026-07-17,NVDA,202.63999938964844,206.64999389648438,197.97000122070312,202.80999755859375,144281900
2026-07-20,NVDA,205.8699951171875,207.74000549316406,202.27999877929688,203.27999877929688,88701500
2026-07-21,NVDA,207.5399932861328,208.64999389648438,204.00999450683594,207.2899932861328,108685600
2026-07-22,NVDA,205.80999755859375,214.38999938964844,204.9499969482422,212.05999755859375,137645600
2026-07-23,NVDA,209.4600067138672,210.8699951171875,205.9600067138672,208.75999450683594,110505300
2026-07-24,NVDA,207.4499969482422,211.91000366210938,204.80999755859375,206.83999633789062,114836800
2026-07-27,NVDA,208.1999969482422,208.75,195.44000244140625,196.50999450683594,154353700
2026-07-28,NVDA,195.0,198.6999969482422,192.74000549316406,197.00999450683594,134111500
2026-07-29,NVDA,195.85000610351562,197.07000732421875,190.00999450683594,190.00999450683594,147680800
2026-07-30,NVDA,193.4499969482422,197.25,191.52000427246094,195.0399932861328,129010200
2026-07-31,NVDA,198.44000244140625,202.0,194.9499969482422,200.75,139961200
2026-08-03,NVDA,197.69000244140625,208.74000549316406,196.85000610351562,206.63999938964844,128406900
2026-08-04,NVDA,211.3000030517578,213.05999755859375,209.0500030517578,211.94000244140625,134922000
2026-08-05,NVDA,216.86000061035156,222.22000122070312,216.39999389648438,219.22000122070312,158187400
2026-08-06,NVDA,221.52999877929688,223.6300048828125,217.0,218.99000549316406,113940600
2026-08-07,NVDA,221.5399932861328,224.75999450683594,220.66000366210938,223.9600067138672,105669400
2026-08-10,NVDA,223.39999389648438,224.13999938964844,216.77000427246094,217.5500030517578,115846600
2026-08-11,NVDA,222.1699981689453,222.1999969482422,216.1999969482422,217.5,101273100
2026-08-12,NVDA,221.0399932861328,225.10000610351562,220.1999969482422,224.08999633789062,108783600
2026-08-13,NVDA,225.05999755859375,227.22999572753906,223.7100067138672,225.3000030517578,98867200
2026-08-14,NVDA,226.77000427246094,227.49000549316406,224.5,225.16000366210938,75680900
2026-08-17,NVDA,225.97999572753906,227.9199981689453,224.86000061035156,225.00999450683594,93678700
2026-08-18,NVDA,220.4499969482422,221.63999938964844,218.69000244140625,219.74000549316406,103128200
2026-08-19,NVDA,221.6699981689453,222.8699951171875,216.75999450683594,217.55999755859375,96797300
2026-08-20,NVDA,218.36000061035156,219.86000061035156,215.66000366210938,216.85000610351562,92457000
2026-08-21,NVDA,218.4199981689453,218.74000549316406,214.5,214.72000122070312,98545600
2026-04-15,JPM,312.54203541599225,312.8307129741003,302.8954898881459,304.5579833984375,9885800
2026-04-16,JPM,303.98059076810495,308.5599670410156,303.8312695552229,308.5599670410156,8208600
2026-04-17,JPM,311.068653468178,313.4877482505245,308.69932229637936,308.8984375,11082400
2026-04-20,JPM,309.45594165814435,315.70777661938337,308.9780833700189,315.5683898925781,10772000
2026-04-21,JPM,316.0661368489313,318.8038038717339,311.3474041387296,311.5962829589844,7084300
2026-04-22,JPM,313.43799038623484,313.73663281642627,310.5410372905177,311.6161804199219,5545900
2026-04-23,JPM,312.11395497732667,313.57736372602733,307.5047445243564,310.29217529296875,6969700
2026-04-24,JPM,309.7545850384977,309.7545850384977,306.5092257615542,306.8974609375,5215300
2026-04-27,JPM,305.50372444273444,311.1781431330245,305.50372444273444,310.232421875,7925300
2026-04-28,JPM,313.78643555890045,314.03531438457196,309.7745101043047,310.0532531738281,7398600
2026-04-29,JPM,309.1771855961317,310.65052875636707,305.91189671624613,307.86309814453125,8031800
2026-04-30,JPM,305.6928786901284,312.6913497643884,305.1951210592971,311.82525634765625,8865400
2026-05-01,JPM,312.54203812020876,314.6624601726697,310.43152018106696,311.06866455078125,6135400
2026-05-04,JPM,309.22694520939064,309.2568094519629,305.13539207341324,306.270263671875,7338200
2026-05-05,JPM,306.32999740556414,309.5753869306937,305.42407485773,308.0124206542969,6316800
2026-05-06,JPM,310.0532528884956,314.84167905955115,309.95369528217543,313.4877624511719,8629500
2026-05-07,JPM,313.23887676443206,314.8814709002291,304.76706239082745,304.8964538574219,8359600
2026-05-08,JPM,306.86759124184925,307.60426284206056,299.1523476664256,300.74517822265625,9464300
2026-05-11,JPM,300.74515961007836,301.83026757429667,297.5395993270601,298.6545715332031,9512000
2026-05-12,JPM,298.67447538308426,304.6873960201211,294.2245209852311,303.5126953125,9498200
2026-05-13,JPM,300.91440289675086,301.6411400127173,298.72428743531935,298.9034729003906,7709500
2026-05-14,JPM,300.8945046380796,302.38777761395096,297.4699295162906,298.56500244140625,7364300
2026-05-15,JPM,298.86362628854243,299.44104214981957,295.1205095874812,296.4743957519531,8699300
2026-05-18,JPM,296.6635495230975,299.908939014877,295.8870488301784,299.3813171386719,7546300
2026-05-19,JPM,299.7396822358739,300.436555061437,293.935841710235,294.3738708496094,8066900
2026-05-20,JPM,295.3694126574367,301.57145376364997,292.35300240137923,300.625732421875,9327000
2026-05-21,JPM,299.8790926087445,302.6167597554335,298.8636475324957,301.6411437988281,7874400
2026-05-22,JPM,303.31359328873907,306.07119010408854,302.4773640852478,305.0059814453125,5973900
2026-05-26,JPM,307.1065011172144,308.54004556072954,304.0701916446211,305.3643493652344,7725400
2026-05-27,JPM,303.63215366632585,304.52811132231307,294.42363753054383,297.93780517578125,11779200
2026-05-28,JPM,296.23549066837876,299.7197941661088,294.4236455581874,295.3992614746094,9757700
2026-05-29,JPM,295.070728717322,298.53513289689414,293.87612858626386,297.9676818847656,13969000
2026-06-01,JPM,296.3549462063085,298.20659004481905,293.94578586060317,295.2499084472656,7930000
2026-06-02,JPM,295.17027051801705,300.7152977310929,293.9457758280521,299.6102600097656,8296200
2026-06-03,JPM,298.5749714904202,300.60580089187994,295.23002417973413,299.50079345703125,7003900
2026-06-04,JPM,304.36883009196185,311.5066879726736,303.0746723882986,309.4957580566406,10345200
2026-06-05,JPM,312.8805189963161,313.58732636819616,308.211549706599,310.9691162109375,9118800
2026-06-08,JPM,311.84516953437026,314.88147906470095,309.3862455138746,309.7147521972656,6827000
2026-06-09,JPM,312.1040028799189,315.0009559692908,307.62418415256917,311.2976379394531,11594600
2026-06-10,JPM,311.1582462393224,313.3384270822022,307.64407859799763,307.75360107421875,7446200
2026-06-11,JPM,308.1717081621576,313.30857066124145,307.4947650619962,312.0840759277344,9116600
2026-06-12,JPM,314.5529794375797,319.85906276888113,314.1348496322589,319.28167724609375,7426200
2026-06-15,JPM,322.4673390673774,324.4583697274161,317.41010417767774,317.96759033203125,7988900
2026-06-16,JPM,322.8455866314347,330.26218746993305,322.56684357389287,329.6549377441406,11094900
2026-06-17,JPM,330.69024974688585,336.25517637046335,330.01330666560995,331.9645080566406,12246400
2026-06-18,JPM,335.4388795655989,336.57375116590936,322.70623086248213,323.761474609375,20111000
2026-06-22,JPM,328.22139226156105,331.2776010100568,325.28461010223134,329.993408203125,10182500
2026-06-23,JPM,327.9924099173137,333.86594380335947,325.7425357353925,332.6414794921875,7582200
2026-06-24,JPM,331.57628916780243,333.02973300317086,328.291070440402,331.95458984375,7907400
2026-06-25,JPM,333.4577793441399,341.90972446819404,333.2586945227413,333.6170654296875,10043100
2026-06-26,JPM,334.49312290223526,334.8913229247855,326.03124330500606,327.57427978515625,17640900
2026-06-29,JPM,326.80774304304947,330.8993264933345,325.73259994718205,327.91278076171875,7981800
2026-06-30,JPM,327.41503128103255,328.95806779511634,325.2149206632551,325.86199951171875,8080100
2026-07-01,JPM,326.89735842569155,334.13477419390347,323.5524415571975,332.5718078613281,15210200
2026-07-02,JPM,336.5040683580973,338.4751995750331,330.2820977776739,332.9700012207031,8413900
2026-07-06,JPM,335.0,339.7200012207031,334.1099853515625,337.7200012207031,8673500
2026-07-07,JPM,340.9800109863281,341.3999938964844,337.0899963378906,339.2200012207031,7115800
2026-07-08,JPM,336.5299987792969,336.5299987792969,330.1300048828125,330.6199951171875,18505200
2026-07-09,JPM,331.4599914550781,337.0,330.80999755859375,335.4700012207031,15570600
2026-07-10,JPM,337.4700012207031,338.5899963378906,335.7699890136719,336.4700012207031,6299000
2026-07-13,JPM,338.3399963378906,338.3500061035156,332.5,334.5299987792969,7120300
2026-07-14,JPM,327.0,344.7300109863281,325.75,342.8900146484375,14537900
2026-07-15,JPM,345.8500061035156,351.239990234375,344.04998779296875,346.9100036621094,10750000
2026-07-16,JPM,349.2799987792969,349.3399963378906,341.1099853515625,343.1499938964844,12432400
2026-07-17,JPM,339.0299987792969,346.1300048828125,335.04998779296875,341.1000061035156,9250900
2026-07-20,JPM,341.79998779296875,344.260009765625,337.3699951171875,338.8699951171875,7723300
2026-07-21,JPM,340.1199951171875,345.739990234375,337.29998779296875,345.2300109863281,6015300
2026-07-22,JPM,345.07000732421875,349.07000732421875,344.25,348.2099914550781,8040200
2026-07-23,JPM,346.5799865722656,349.9200134277344,345.4200134277344,349.8999938964844,10913000
2026-07-24,JPM,350.6400146484375,353.3699951171875,347.5,353.2099914550781,7520800
2026-07-27,JPM,357.8900146484375,359.04998779296875,352.5799865722656,356.20001220703125,7884900
2026-07-28,JPM,357.29998779296875,359.29998779296875,354.1499938964844,357.30999755859375,6533800
2026-07-29,JPM,356.5,357.3699951171875,343.7799987792969,344.7099914550781,8265300
2026-07-30,JPM,347.5400085449219,352.2799987792969,345.3699951171875,350.8500061035156,7606500
2026-07-31,JPM,353.29998779296875,354.4700012207031,349.70001220703125,351.7900085449219,6603400
2026-08-03,JPM,353.75,355.6199951171875,350.8399963378906,352.6400146484375,6436600
2026-08-04,JPM,355.0,363.0,353.8699951171875,357.5199890136719,8477200
2026-08-05,JPM,358.9700012207031,362.1700134277344,358.20001220703125,359.239990234375,5269500
2026-08-06,JPM,362.80999755859375,362.80999755859375,354.95001220703125,356.29998779296875,5820100
2026-08-07,JPM,355.760009765625,358.8500061035156,353.3299865722656,357.5199890136719,4566200
2026-08-10,JPM,357.9599914550781,359.989990234375,356.5,359.7900085449219,5327500
2026-08-11,JPM,360.04998779296875,363.1199951171875,358.6000061035156,362.0400085449219,4576500
2026-08-12,JPM,362.9700012207031,366.0899963378906,361.29998779296875,365.17999267578125,4366800
2026-08-13,JPM,366.5,366.5,361.5199890136719,363.1099853515625,5102700
2026-08-14,JPM,363.0,365.8999938964844,361.45001220703125,362.8399963378906,5058600
2026-08-17,JPM,361.94000244140625,365.75,360.9599914550781,360.9599914550781,5282600
2026-08-18,JPM,362.3399963378906,363.57000732421875,359.2699890136719,363.25,5525100
2026-08-19,JPM,363.010009765625,363.04998779296875,355.6499938964844,357.260009765625,6696200
2026-08-20,JPM,357.6000061035156,357.95001220703125,351.54998779296875,351.54998779296875,6799700
2026-08-21,JPM,354.07000732421875,356.8599853515625,350.3699951171875,351.5799865722656,8073400
2026-04-15,GS,910.9851058311854,923.7189631938282,893.1636242626328,895.5431518554688,2403900
2026-04-16,GS,894.0497132467892,903.975997630366,891.9190887369546,896.0509033203125,1742100
2026-04-17,GS,911.4829258115856,925.1128586129627,908.217288782352,921.8870849609375,2805100
2026-04-20,GS,919.6270348638764,937.6675223849871,918.9400600411338,937.6077880859375,2374300
2026-04-21,GS,940.3556864865968,947.8327435418381,918.4920215449791,922.4844360351562,1765400
2026-04-22,GS,934.8798179913987,936.8511106221245,927.0642868444145,930.7380981445312,1382600
2026-04-23,GS,930.8973390362396,940.2461514958565,916.6501319251059,927.2135620117188,1655000
2026-04-24,GS,926.4071429970794,928.8264732380284,915.1865745814679,922.8428344726562,1263300
2026-04-27,GS,921.9766331321692,937.5977898511031,921.9368305232924,933.6950073242188,1223000
2026-04-28,GS,937.109981117505,941.1521640622856,920.1845743729076,922.4844360351562,1501600
2026-04-29,GS,923.4302732630828,925.9193036492366,895.2145980680115,901.6263427734375,1725900
2026-04-30,GS,906.4152500147118,923.9280948431746,901.0290149063287,919.7166748046875,1880300
2026-05-01,GS,912.3789989974781,931.6739673349706,908.1376815137018,919.6569213867188,1359800
2026-05-04,GS,918.2232098806113,920.9412115242092,895.0552963894747,899.3065795898438,1660100
2026-05-05,GS,905.7381912105915,917.7054682953158,904.234807192047,914.8580322265625,1507200
2026-05-06,GS,931.8232473114226,939.9175787356154,927.2434558509663,933.2369995117188,2318200
2026-05-07,GS,933.8145144098863,941.1422053898132,917.9344881603267,921.8074340820312,1715300
2026-05-08,GS,931.892975221478,935.6564183281972,923.3904693109786,932.370849609375,1665000
2026-05-11,GS,928.5576652353872,945.6125056611387,922.5640608454437,940.7140502929688,2411400
2026-05-12,GS,938.0259322060158,944.3381400802936,916.7596709102469,941.7495727539062,2236500
2026-05-13,GS,937.7073532243602,955.3396051173437,928.9857812616895,951.2277221679688,2355200
2026-05-14,GS,962.6574154181511,971.3789268372649,956.2854733295283,964.7083740234375,1898000
2026-05-15,GS,949.4655519556767,955.2898587311545,937.4783427684613,944.3082275390625,1862700
2026-05-18,GS,943.5814691885706,957.4702711270156,934.431790906699,942.20751953125,1508000
2026-05-19,GS,929.1251177947441,935.5169913874638,919.7564344394463,924.664794921875,1767300
2026-05-20,GS,940.8534894606655,978.417916742471,936.373234748948,977.8106079101562,3104400
2026-05-21,GS,977.9002358621685,995.1143481322039,966.0424610758233,983.8340454101562,2452300
2026-05-22,GS,990.2656841750414,1000.9485827382347,986.5520704264984,992.3564453125,1923500
2026-05-26,GS,1002.113500296361,1012.0795266126196,982.6990638791686,990.1561889648438,2080600
2026-05-27,GS,991.5400548498139,999.2461438209881,970.1443597867003,992.0975952148438,2195000
2026-05-28,GS,982.0917353818012,1005.5383897283438,978.1391842526722,1003.9454345703125,2273000
2026-05-29,GS,1004.8414977203302,1022.7126872637696,999.5946022252514,1021.06005859375,2158000
2026-06-01,GS,1015.3300170898438,1051.199951171875,1011.5999755859375,1048.5799560546875,2666700
2026-06-02,GS,1049.739990234375,1073.969970703125,1047.8900146484375,1064.5799560546875,2125600
2026-06-03,GS,1055.280029296875,1055.969970703125,1031.010009765625,1041.02001953125,2562200
2026-06-04,GS,1052.8699951171875,1095.9000244140625,1050.0,1092.6099853515625,2608800
2026-06-05,GS,1092.8199462890625,1098.3599853515625,1035.5999755859375,1038.6800537109375,2643800
2026-06-08,GS,1052.780029296875,1063.1800537109375,1042.3299560546875,1045.0,2326700
2026-06-09,GS,1061.7900390625,1064.3499755859375,1006.2999877929688,1032.010009765625,2868500
2026-06-10,GS,1028.3499755859375,1036.31005859375,1000.0399780273438,1001.2899780273438,2287200
2026-06-11,GS,1013.5,1036.9200439453125,1000.4500122070312,1035.6400146484375,2561900
2026-06-12,GS,1053.0,1073.739990234375,1048.06005859375,1062.75,2206000
2026-06-15,GS,1089.52001953125,1094.1800537109375,1075.0,1076.1700439453125,2364000
2026-06-16,GS,1086.0,1097.25,1085.530029296875,1090.6700439453125,1965500
2026-06-17,GS,1098.4599609375,1121.949951171875,1094.2900390625,1099.1400146484375,2180000
2026-06-18,GS,1120.0,1125.0,1093.3299560546875,1096.56005859375,4499200
2026-06-22,GS,1109.699951171875,1115.97998046875,1091.6300048828125,1106.3699951171875,1894400
2026-06-23,GS,1077.3399658203125,1103.550048828125,1069.0,1094.43994140625,2066900
2026-06-24,GS,1090.0,1090.0999755859375,1068.510009765625,1076.9100341796875,1933100
2026-06-25,GS,1095.6199951171875,1105.25,1062.0999755859375,1065.0899658203125,1950000
2026-06-26,GS,1054.739990234375,1057.0,1013.3800048828125,1019.6099853515625,4008500
2026-06-29,GS,1029.18994140625,1035.9300537109375,1016.1699829101562,1020.2100219726562,1887200
2026-06-30,GS,1019.2899780273438,1026.3199462890625,1006.1099853515625,1011.3699951171875,3162800
2026-07-01,GS,1010.0,1033.530029296875,1003.0,1019.6099853515625,1735000
2026-07-02,GS,1038.989990234375,1039.280029296875,1009.72998046875,1021.0,1543500
2026-07-06,GS,1029.8800048828125,1055.2900390625,1029.0,1055.2900390625,1754400
2026-07-07,GS,1052.0,1053.8599853515625,1035.1300048828125,1042.97998046875,1353500
2026-07-08,GS,1030.0,1040.1800537109375,1011.9199829101562,1029.6400146484375,1699000
2026-07-09,GS,1055.0,1064.010009765625,1042.6099853515625,1055.969970703125,1241800
2026-07-10,GS,1063.2099609375,1067.1700439453125,1048.0,1055.1800537109375,1110600
2026-07-13,GS,1056.3399658203125,1057.8199462890625,1036.8399658203125,1045.9100341796875,1799500
2026-07-14,GS,1085.0,1143.8399658203125,1082.0,1140.0,3792600
2026-07-15,GS,1148.4200439453125,1153.989990234375,1117.4000244140625,1152.0699462890625,2736800
2026-07-16,GS,1147.6500244140625,1152.449951171875,1089.010009765625,1095.4599609375,2529400
2026-07-17,GS,1071.6400146484375,1085.9300537109375,1047.1500244140625,1065.219970703125,2162700
2026-07-20,GS,1074.6500244140625,1087.9000244140625,1053.6600341796875,1055.030029296875,1718300
2026-07-21,GS,1070.0699462890625,1088.47998046875,1063.0,1085.56005859375,1718600
2026-07-22,GS,1078.52001953125,1106.6600341796875,1078.0,1098.199951171875,1538700
2026-07-23,GS,1072.52001953125,1084.72998046875,1062.47998046875,1074.719970703125,1852700
2026-07-24,GS,1075.0,1077.3800048828125,1051.8199462890625,1061.22998046875,1381400
2026-07-27,GS,1080.1800537109375,1088.5,1029.0,1048.22998046875,2538900
2026-07-28,GS,1041.9300537109375,1047.7099609375,1011.8699951171875,1033.3399658203125,2173100
2026-07-29,GS,1025.0,1028.1199951171875,977.7000122070312,980.75,3198400
2026-07-30,GS,1007.3599853515625,1029.7900390625,998.510009765625,1024.8599853515625,2330800
2026-07-31,GS,1034.719970703125,1042.97998046875,1008.5999755859375,1018.3800048828125,1553700
2026-08-03,GS,1025.0,1027.9599609375,1005.1599731445312,1027.06005859375,1706500
2026-08-04,GS,1050.0,1066.1600341796875,1043.27001953125,1052.97998046875,2653600
2026-08-05,GS,1063.7099609375,1077.2099609375,1060.02001953125,1060.3800048828125,1648000
2026-08-06,GS,1062.0400390625,1068.0400390625,1030.780029296875,1032.5799560546875,1726500
2026-08-07,GS,1038.3399658203125,1047.0,1032.030029296875,1039.6099853515625,1429400
2026-08-10,GS,1039.6099853515625,1045.4300537109375,1030.0699462890625,1034.510009765625,1819100
2026-08-11,GS,1036.3900146484375,1043.4300537109375,1027.18994140625,1034.4100341796875,1829300
2026-08-12,GS,1055.0,1056.050048828125,1031.739990234375,1037.2099609375,1737800
2026-08-13,GS,1040.6099853515625,1059.0699462890625,1038.469970703125,1042.6300048828125,1421700
2026-08-14,GS,1040.9100341796875,1043.739990234375,1029.5799560546875,1039.4200439453125,1592900
2026-08-17,GS,1040.7900390625,1054.6300048828125,1038.1400146484375,1051.31005859375,1450400
2026-08-18,GS,1040.0,1043.5,1026.0799560546875,1040.469970703125,1909200
2026-08-19,GS,1044.8199462890625,1044.8199462890625,1014.5,1021.6500244140625,2744200
2026-08-20,GS,1016.989990234375,1026.4200439453125,1001.6799926757812,1001.9500122070312,1756200
2026-08-21,GS,1015.989990234375,1043.6600341796875,1008.8499755859375,1039.280029296875,2744000
2026-04-15,JNJ,238.56797895805093,239.0452299768987,235.3962175694789,237.30523681640625,6463500
2026-04-16,JNJ,236.06238904969683,236.7782731773554,230.79269234336317,233.1988525390625,8668900
2026-04-17,JNJ,233.01989048398582,234.19313576204675,230.71314935408492,232.84091186523438,8946300
2026-04-20,JNJ,233.46731645339545,233.91474024714643,228.2175095512339,229.37088012695312,7810500
2026-04-21,JNJ,228.03853688190875,228.3765890527153,223.41511740932572,224.8667755126953,11681200
2026-04-22,JNJ,224.88665810207786,226.179227521564,222.50038776728556,224.80712890625,9003400
2026-04-23,JNJ,225.95054827447007,230.06687448765834,225.73180505581692,229.3311004638672,7097600
2026-04-24,JNJ,227.72036189515308,228.67487910891896,225.72186091736185,226.19911193847656,6067500
2026-04-27,JNJ,224.47901697917217,226.60677952616038,223.0671385761741,224.0514678955078,7897800
2026-04-28,JNJ,226.42780279148377,229.70893595019464,225.0755788606257,226.48745727539062,7179800
2026-04-29,JNJ,224.2304350257485,227.4021963844683,223.57420539879897,226.0499725341797,7071100
2026-04-30,JNJ,226.64654568129225,229.83819710946466,226.5073468285346,228.5356903076172,8157200
2026-05-01,JNJ,227.75018650912293,228.4561332620675,225.72185831412563,225.89088439941406,6863600
2026-05-04,JNJ,224.22049078306688,225.7715831872257,222.30153412698715,222.91798400878906,8215200
2026-05-05,JNJ,224.10118043151417,225.23466110768987,223.61397687442042,224.26026916503906,5556700
2026-05-06,JNJ,223.9619889745702,225.0457525608476,221.67513766216507,223.33558654785156,7982300
2026-05-07,JNJ,223.49466434064516,223.49466434064516,219.36840089217355,221.23764038085938,7269700
2026-05-08,JNJ,221.6651903038654,222.09272420205565,219.65673678916983,220.05445861816406,5550600
2026-05-11,JNJ,220.05446192273791,222.003245813697,219.1098820469021,220.163818359375,6223200
2026-05-12,JNJ,221.7248410111843,226.34824530446224,220.38255451492364,222.97763061523438,8632500
2026-05-13,JNJ,224.52872968620946,229.4802489417275,224.15089773666944,229.1024169921875,7464500
2026-05-14,JNJ,229.67910846360988,230.43475721152035,227.84963349190846,229.48025512695312,6974400
2026-05-15,JNJ,229.4504169649123,230.81257818629632,225.14517491785094,225.41363525390625,12167000
2026-05-18,JNJ,225.41363810532903,228.38653103757844,224.5684924896482,227.61099243164062,10141600
2026-05-19,JNJ,227.6308781704825,229.52996005341413,226.73601544578764,228.684814453125,9677900
2026-05-20,JNJ,230.36515581180683,230.67338074656544,227.8595613935984,228.0087127685547,7353800
2026-05-21,JNJ,228.00871482343763,230.5640112181241,226.04997841934332,230.40492248535156,5239000
2026-05-22,JNJ,231.667665991262,234.15337056198368,231.3892682930641,233.0,5462300
2026-05-26,JNJ,233.0,233.24000549316406,229.0800018310547,230.17999267578125,6619600
2026-05-27,JNJ,229.97999572753906,232.88999938964844,229.02000427246094,231.2899932861328,5835500
2026-05-28,JNJ,230.02999877929688,231.8699951171875,229.72999572753906,230.8000030517578,7193400
2026-05-29,JNJ,231.22999572753906,231.5,224.58999633789062,225.3300018310547,13897700
2026-06-01,JNJ,223.1999969482422,224.44000244140625,220.83999633789062,223.50999450683594,8041000
2026-06-02,JNJ,222.5800018310547,225.5,221.1699981689453,222.88999938964844,5669000
2026-06-03,JNJ,222.4499969482422,224.92999267578125,222.0,223.24000549316406,6507200
2026-06-04,JNJ,227.08999633789062,228.6699981689453,225.89999389648438,228.1699981689453,7274800
2026-06-05,JNJ,230.0,235.22000122070312,229.0,232.77000427246094,8034900
2026-06-08,JNJ,232.77000427246094,234.9499969482422,230.55999755859375,232.16000366210938,7559800
2026-06-09,JNJ,232.3800048828125,237.7100067138672,230.41000366210938,237.0,8354500
2026-06-10,JNJ,238.85000610351562,240.92999267578125,237.0500030517578,238.49000549316406,8350800
2026-06-11,JNJ,240.0,241.60000610351562,238.13999938964844,238.3300018310547,7399000
2026-06-12,JNJ,240.0,240.91000366210938,237.52000427246094,240.8699951171875,6459400
2026-06-15,JNJ,239.0,239.5,233.5800018310547,235.66000366210938,7732000
2026-06-16,JNJ,236.3699951171875,236.3699951171875,231.02000427246094,235.17999267578125,7718100
2026-06-17,JNJ,234.02999877929688,235.42999267578125,230.6999969482422,234.1999969482422,8548000
2026-06-18,JNJ,231.77999877929688,232.75,227.60000610351562,228.38999938964844,18989800
2026-06-22,JNJ,228.9499969482422,231.4499969482422,227.5,231.2899932861328,8518300
2026-06-23,JNJ,235.63999938964844,239.8000030517578,234.35000610351562,239.0800018310547,11802000
2026-06-24,JNJ,239.88999938964844,243.0399932861328,238.75,241.0,8139200
2026-06-25,JNJ,241.27000427246094,248.19000244140625,240.88999938964844,244.8800048828125,10130400
2026-06-26,JNJ,248.27000427246094,255.11000061035156,247.8699951171875,254.66000366210938,16316800
2026-06-29,JNJ,253.19000244140625,258.5799865722656,252.02999877929688,258.510009765625,8608400
2026-06-30,JNJ,259.0,259.8999938964844,253.1699981689453,253.97000122070312,8469500
2026-07-01,JNJ,253.25,254.1999969482422,251.0800018310547,253.97999572753906,6516500
2026-07-02,JNJ,255.77999877929688,263.1000061035156,254.0,263.0400085449219,7998700
2026-07-06,JNJ,260.2300109863281,261.3800048828125,255.92999267578125,259.3299865722656,6803700
2026-07-07,JNJ,264.8900146484375,269.42999267578125,264.04998779296875,267.239990234375,9089700
2026-07-08,JNJ,268.6000061035156,268.6000061035156,263.1300048828125,263.3999938964844,6769400
2026-07-09,JNJ,260.6300048828125,263.45001220703125,258.1300048828125,259.1000061035156,6426100
2026-07-10,JNJ,260.19000244140625,261.29998779296875,255.52000427246094,256.9800109863281,6534700
2026-07-13,JNJ,257.95001220703125,259.5299987792969,256.1499938964844,257.7699890136719,5272200
2026-07-14,JNJ,255.52999877929688,256.3900146484375,252.13999938964844,253.85000610351562,8770600
2026-07-15,JNJ,250.08999633789062,256.8299865722656,246.0500030517578,247.02000427246094,10547300
2026-07-16,JNJ,248.89999389648438,253.5500030517578,246.3000030517578,249.97000122070312,11097600
2026-07-17,JNJ,252.58999633789062,255.66000366210938,251.9499969482422,253.0399932861328,10167700
2026-07-20,JNJ,252.00999450683594,254.17999267578125,248.6300048828125,248.82000732421875,8114700
2026-07-21,JNJ,247.4499969482422,251.33999633789062,245.49000549316406,250.61000061035156,7793100
2026-07-22,JNJ,252.75999450683594,256.2900085449219,251.2100067138672,255.6300048828125,9100200
2026-07-23,JNJ,255.24000549316406,260.20001220703125,254.4199981689453,259.2699890136719,8063300
2026-07-24,JNJ,261.42999267578125,263.7099914550781,259.6099853515625,263.3999938964844,6351800
2026-07-27,JNJ,262.54998779296875,268.79998779296875,261.3500061035156,265.95001220703125,9647900
2026-07-28,JNJ,270.0,274.8999938964844,266.17999267578125,266.7300109863281,10491000
2026-07-29,JNJ,268.5,269.3399963378906,264.7900085449219,265.5299987792969,6105600
2026-07-30,JNJ,259.0299987792969,260.5199890136719,254.55999755859375,255.82000732421875,8216500
2026-07-31,JNJ,256.010009765625,258.4800109863281,253.2899932861328,256.3500061035156,6782100
2026-08-03,JNJ,254.97000122070312,257.75,250.91000366210938,254.41000366210938,8136300
2026-08-04,JNJ,254.41000366210938,255.52000427246094,250.44000244140625,254.92999267578125,7362400
2026-08-05,JNJ,255.25,259.32000732421875,254.47000122070312,257.5899963378906,6472600
2026-08-06,JNJ,261.7099914550781,262.1099853515625,255.27999877929688,256.9800109863281,6931800
2026-08-07,JNJ,255.88999938964844,259.6000061035156,255.1199951171875,259.239990234375,6532100
2026-08-10,JNJ,259.05999755859375,262.0,258.54998779296875,261.80999755859375,8985100
2026-08-11,JNJ,261.2300109863281,264.1499938964844,258.3599853515625,259.79998779296875,5945900
2026-08-12,JNJ,256.0,261.4100036621094,255.25999450683594,260.8599853515625,4629300
2026-08-13,JNJ,261.7300109863281,262.6199951171875,259.6499938964844,262.0799865722656,4852700
2026-08-14,JNJ,260.6499938964844,261.7099914550781,259.1600036621094,260.3500061035156,4998100
2026-08-17,JNJ,258.8699951171875,264.2799987792969,258.010009765625,262.3699951171875,5515500
2026-08-18,JNJ,267.6700134277344,271.7300109863281,266.3299865722656,271.1099853515625,7838200
2026-08-19,JNJ,273.0,276.4700012207031,270.55999755859375,273.4100036621094,7728500
2026-08-20,JNJ,273.3999938964844,273.3999938964844,267.3699951171875,267.3699951171875,6475900
2026-08-21,JNJ,267.8299865722656,272.6600036621094,267.0,270.239990234375,6176100
2026-04-15,AMZN,249.25,250.44000244140625,247.1999969482422,248.5,43045200
2026-04-16,AMZN,248.50999450683594,250.0,244.1999969482422,249.6999969482422,41895700
2026-04-17,AMZN,254.99000549316406,256.17999267578125,250.11000061035156,250.55999755859375,52029300
2026-04-20,AMZN,249.19000244140625,250.17999267578125,245.3699951171875,248.27999877929688,39463100
2026-04-21,AMZN,255.08999633789062,255.08999633789062,249.10000610351562,249.91000366210938,42922400
2026-04-22,AMZN,252.44000244140625,255.94000244140625,250.3300018310547,255.36000061035156,36065100
2026-04-23,AMZN,255.38999938964844,258.7900085449219,253.07000732421875,255.0800018310547,39091400
2026-04-24,AMZN,259.9800109863281,264.5,257.69000244140625,263.989990234375,53777400
2026-04-27,AMZN,263.4599914550781,264.1499938964844,260.3399963378906,261.1199951171875,44906800
2026-04-28,AMZN,258.3900146484375,261.0299987792969,256.6300048828125,259.70001220703125,42204400
2026-04-29,AMZN,257.989990234375,265.9100036621094,257.70001220703125,263.0400085449219,72367900
2026-04-30,AMZN,273.1700134277344,273.8800048828125,256.1600036621094,265.05999755859375,100974900
2026-05-01,AMZN,265.5799865722656,273.32000732421875,262.739990234375,268.260009765625,50825200
2026-05-04,AMZN,268.79998779296875,276.1000061035156,268.79998779296875,272.04998779296875,49083700
2026-05-05,AMZN,276.0799865722656,278.55999755859375,272.3800048828125,273.54998779296875,41908500
2026-05-06,AMZN,272.8900146484375,277.79998779296875,272.2099914550781,274.989990234375,44552000
2026-05-07,AMZN,275.0199890136719,276.6300048828125,270.489990234375,271.1700134277344,35892900
2026-05-08,AMZN,271.6300048828125,274.0,269.95001220703125,272.67999267578125,34732700
2026-05-11,AMZN,269.8399963378906,273.6300048828125,268.4800109863281,268.989990234375,38176700
2026-05-12,AMZN,266.7099914550781,267.6499938964844,262.6300048828125,265.82000732421875,36776200
2026-05-13,AMZN,264.42999267578125,270.7200012207031,263.20001220703125,270.1300048828125,39670900
2026-05-14,AMZN,269.1499938964844,270.7799987792969,266.6300048828125,267.2200012207031,31338400
2026-05-15,AMZN,262.5,264.3599853515625,260.8900146484375,264.1400146484375,40770300
2026-05-18,AMZN,263.8699951171875,268.8500061035156,262.5299987792969,264.8599853515625,33690800
2026-05-19,AMZN,262.0400085449219,262.25,255.19000244140625,259.3399963378906,40340700
2026-05-20,AMZN,260.04998779296875,265.5799865722656,259.5299987792969,265.010009765625,34933200
2026-05-21,AMZN,263.5,269.489990234375,261.3699951171875,268.4599914550781,36591700
2026-05-22,AMZN,268.6600036621094,269.7900085449219,266.239990234375,266.32000732421875,27535500
2026-05-26,AMZN,267.94000244140625,269.29998779296875,262.07000732421875,265.2900085449219,38028100
2026-05-27,AMZN,266.1499938964844,272.4100036621094,265.70001220703125,271.8500061035156,40061900
2026-05-28,AMZN,272.2699890136719,274.5,267.44000244140625,274.0,40630400
2026-05-29,AMZN,271.2900085449219,274.75,269.6400146484375,270.6400146484375,54749600
2026-06-01,AMZN,266.2900085449219,266.6300048828125,260.70001220703125,261.260009765625,53604400
2026-06-02,AMZN,257.1600036621094,261.20001220703125,254.3699951171875,256.5199890136719,41811000
2026-06-03,AMZN,254.6999969482422,257.0899963378906,247.7100067138672,250.02000427246094,51394200
2026-06-04,AMZN,253.1199951171875,255.8300018310547,251.75,253.7899932861328,35609800
2026-06-05,AMZN,254.25999450683594,256.3800048828125,245.77999877929688,246.02999877929688,55607800
2026-06-08,AMZN,246.67999267578125,249.4199981689453,243.36000061035156,245.22000122070312,33899500
2026-06-09,AMZN,247.72999572753906,250.42999267578125,240.39999389648438,244.19000244140625,44425400
2026-06-10,AMZN,243.61000061035156,244.07000732421875,237.4499969482422,238.0,38590200
2026-06-11,AMZN,237.92999267578125,242.13999938964844,235.17999267578125,241.50999450683594,41335400
2026-06-12,AMZN,243.2100067138672,243.36000061035156,233.58999633789062,238.5500030517578,51186600
2026-06-15,AMZN,245.02000427246094,247.80999755859375,244.72999572753906,246.02000427246094,41711600
2026-06-16,AMZN,248.0,249.50999450683594,245.4499969482422,246.0,35187400
2026-06-17,AMZN,244.89999389648438,245.91000366210938,236.0,237.5,44780800
2026-06-18,AMZN,240.1199951171875,245.72999572753906,236.02000427246094,244.38999938964844,75624400
2026-06-22,AMZN,240.0800018310547,242.0,232.24000549316406,232.7899932861328,68388500
2026-06-23,AMZN,232.5500030517578,236.8699951171875,232.0,234.11000061035156,60492600
2026-06-24,AMZN,233.85000610351562,242.4199981689453,232.9499969482422,234.27000427246094,70282600
2026-06-25,AMZN,232.02000427246094,232.32000732421875,225.5500030517578,227.00999450683594,77674100
2026-06-26,AMZN,227.2100067138672,233.89999389648438,226.1300048828125,232.69000244140625,248372100
2026-06-29,AMZN,234.22000122070312,249.7100067138672,233.8000030517578,240.13999938964844,77619200
2026-06-30,AMZN,237.35000610351562,241.5399932861328,237.1699981689453,238.33999633789062,66228300
2026-07-01,AMZN,239.75,244.89999389648438,234.89999389648438,241.6999969482422,53829900
2026-07-02,AMZN,241.61000061035156,246.72000122070312,241.0800018310547,242.6699981689453,48246400
2026-07-06,AMZN,243.8000030517578,246.0399932861328,240.8800048828125,244.16000366210938,40044000
2026-07-07,AMZN,246.97999572753906,248.92999267578125,242.6999969482422,245.97999572753906,40579600
2026-07-08,AMZN,244.27000427246094,244.8000030517578,240.52000427246094,243.6199951171875,29653000
2026-07-09,AMZN,239.82000732421875,247.5,238.25,247.0399932861328,38091700
2026-07-10,AMZN,249.5500030517578,251.02999877929688,244.41000366210938,245.33999633789062,31654000
2026-07-13,AMZN,244.67999267578125,249.64999389648438,244.17999267578125,247.30999755859375,34636100
2026-07-14,AMZN,245.5500030517578,248.55999755859375,243.8000030517578,247.49000549316406,30108100
2026-07-15,AMZN,249.75,256.4800109863281,249.75,254.9600067138672,45240600
2026-07-16,AMZN,255.1199951171875,258.0799865722656,248.0,249.88999938964844,45343700
2026-07-17,AMZN,244.4600067138672,250.24000549316406,243.58999633789062,247.22999572753906,43572400
2026-07-20,AMZN,248.75999450683594,252.88999938964844,248.0,249.99000549316406,32406500
2026-07-21,AMZN,249.11000061035156,249.33999633789062,246.4199981689453,247.5500030517578,27732100
2026-07-22,AMZN,248.27000427246094,248.4499969482422,242.4499969482422,244.85000610351562,34112700
2026-07-23,AMZN,236.25999450683594,238.35000610351562,232.0500030517578,233.66000366210938,47465300
2026-07-24,AMZN,234.3800048828125,234.9499969482422,231.33999633789062,232.11000061035156,35017400
2026-07-27,AMZN,235.6699981689453,235.88999938964844,230.99000549316406,231.38999938964844,34999500
2026-07-28,AMZN,232.85000610351562,233.11000061035156,228.10000610351562,230.86000061035156,44521600
2026-07-29,AMZN,229.32000732421875,232.82000732421875,226.16000366210938,226.64999389648438,44957500
2026-07-30,AMZN,233.35000610351562,239.82000732421875,231.05999755859375,235.5,101839800
2026-07-31,AMZN,265.0,273.2300109863281,262.010009765625,271.5799865722656,129054800
2026-08-03,AMZN,278.2900085449219,287.20001220703125,278.0,284.0199890136719,90830200
2026-08-04,AMZN,276.05999755859375,281.07000732421875,275.82000732421875,277.4200134277344,69748100
2026-08-05,AMZN,281.5899963378906,282.7900085449219,270.7300109863281,272.6499938964844,45119800
2026-08-06,AMZN,272.7699890136719,275.4800109863281,271.05999755859375,272.260009765625,30672900
2026-08-07,AMZN,272.8699951171875,278.30999755859375,272.75,274.4800109863281,33861400
2026-08-10,AMZN,274.010009765625,280.1400146484375,273.6000061035156,278.0899963378906,35731900
2026-08-11,AMZN,278.69000244140625,278.8399963378906,271.3599853515625,272.2699890136719,31895700
2026-08-12,AMZN,273.17999267578125,273.4599914550781,267.1000061035156,267.2799987792969,29941100
2026-08-13,AMZN,267.239990234375,269.5799865722656,264.7099914550781,265.1300048828125,32170200
2026-08-14,AMZN,264.8800048828125,265.80999755859375,262.4200134277344,262.6499938964844,27251700
2026-08-17,AMZN,265.44000244140625,265.75,258.3399963378906,261.30999755859375,43896500
2026-08-18,AMZN,260.6300048828125,262.17999267578125,257.7300109863281,259.45001220703125,33171300
2026-08-19,AMZN,260.8500061035156,266.3999938964844,258.5799865722656,265.8399963378906,35762400
2026-08-20,AMZN,263.1600036621094,263.8399963378906,259.5199890136719,260.1099853515625,28374100
2026-08-21,AMZN,260.739990234375,261.0899963378906,257.0400085449219,258.6300048828125,35652900
2026-04-15,XOM,146.6486181452608,148.25720304523475,144.97093018596462,147.05322265625,15626500
2026-04-16,XOM,147.56639837260283,150.77371997111916,147.3887693274927,149.98422241210938,15191000
2026-04-17,XOM,142.9577294539512,144.87225619004138,140.10568093036503,144.51698303222656,28947400
2026-04-20,XOM,145.44462849031555,147.40848641370326,144.42815553036803,145.7406768798828,16354400
2026-04-21,XOM,145.43476869638585,146.8558613809694,144.31961781734506,146.41177368164062,17515900
2026-04-22,XOM,147.40849126178932,148.70128613345972,146.2341157498405,147.5367889404297,13738700
2026-04-23,XOM,147.88220528695376,149.24407315856882,146.54992719815058,148.5532684326172,12970400
2026-04-24,XOM,147.6749536212974,148.32629023309528,145.02027581191402,146.9545440673828,13735900
2026-04-27,XOM,147.20125131114554,149.19471405683467,146.02687584763237,146.24398803710938,13940800
2026-04-28,XOM,149.54013382081567,150.30988979505028,147.86246092975082,148.58287048339844,15173600
2026-04-29,XOM,150.02370608327118,152.9152226446687,149.0269595764905,152.63890075683594,14669100
2026-04-30,XOM,150.42831657823265,153.6455166348819,149.35263382507475,152.30337524414062,22885900
2026-05-01,XOM,150.60596441338373,152.97444219282582,149.14540361800823,150.74412536621094,15458200
2026-05-04,XOM,150.66515846041094,152.4415241398171,147.55652981525986,151.67176818847656,14238500
2026-05-05,XOM,151.0895365909912,153.250765430774,150.40859508241783,152.84616088867188,12494600
2026-05-06,XOM,147.11245676905406,148.3559053389129,145.15844679845733,146.73744201660156,20527000
2026-05-07,XOM,144.87224830738384,145.14857018638108,142.29652181797798,144.65513610839844,22509400
2026-05-08,XOM,143.9347293661345,144.5761876566039,142.03006595775787,142.67153930664062,19550100
2026-05-11,XOM,144.10249054277546,147.75389966236088,144.08274896354814,147.71441650390625,14849500
2026-05-12,XOM,149.26381574762087,149.8164595321171,147.80325502310743,148.65196228027344,16443100
2026-05-13,XOM,148.0894397413527,149.79671751167356,147.71442500651165,149.57962036132812,15772800
2026-05-14,XOM,149.905263382453,151.10924370941106,149.27366837965636,150.77371215820312,11331500
2026-05-15,XOM,152.7608516688576,156.98350935726506,152.01567678266807,156.90402221679688,27882400
2026-05-18,XOM,156.30788510753027,160.6895017397437,154.23131965292822,159.45748901367188,20065200
2026-05-19,XOM,160.46099405822483,162.2692924138743,158.612959712182,161.50424194335938,20715600
2026-05-20,XOM,160.57027775243373,162.62695246090524,155.2646364435186,155.27456665039062,18509700
2026-05-21,XOM,157.40080741244543,158.36456815663448,152.47272592771048,154.2909393310547,17061700
2026-05-22,XOM,153.039050982118,154.54927634853834,152.1845831622433,153.92332458496094,12948500
2026-05-26,XOM,152.51245412992614,153.55570196228766,148.50838244281752,148.84619140625,13057800
2026-05-27,XOM,146.2827985604971,147.73341239068998,144.812324315,146.948486328125,16241100
2026-05-28,XOM,148.37921962101078,149.2436327977562,145.9251091176085,146.01454162597656,14012500
2026-05-29,XOM,145.2494947353263,145.9847242712525,143.77902050285167,144.32546997070312,27959900
2026-06-01,XOM,146.07415816976595,148.6872278824595,146.05428259382654,148.41897583007812,16732100
2026-06-02,XOM,148.0712197861663,149.8596425847688,147.54463073444197,148.59780883789062,10462400
2026-06-03,XOM,149.6410600803893,153.91339931686977,149.05485944903873,151.5487060546875,14373000
2026-06-04,XOM,151.07178923986044,152.44290069957347,149.96892981929165,151.0618438720703,11799400
2026-06-05,XOM,151.0320404901442,151.15127878116928,148.33948372439218,148.9554901123047,16584000
2026-06-08,XOM,150.18751157814702,152.82045666526088,149.92917459257427,150.77371215820312,13870900
2026-06-09,XOM,149.93912891268184,150.1577147624696,146.82926081757435,147.95199584960938,18163500
2026-06-10,XOM,150.25706190677164,151.5089654358688,148.5978076229357,149.65098571777344,14596500
2026-06-11,XOM,151.32018657890387,151.5089666465856,145.47801049142424,145.6568603515625,17285800
2026-06-12,XOM,144.69309749283448,147.95199447310367,144.21617464648634,146.064208984375,17713100
2026-06-15,XOM,138.8409959581125,141.06657534019064,136.83398727052634,140.01339721679688,23631400
2026-06-16,XOM,139.28808771120796,141.2354695284117,139.07943207905402,140.9473419189453,18925400
2026-06-17,XOM,140.31145660572122,141.42424618882197,139.41725285653254,139.8345489501953,16663200
2026-06-18,XOM,137.43012951128387,137.5692282188612,134.97601897282365,136.92340087890625,48063400
2026-06-22,XOM,137.64870437324234,138.10575166092363,136.1384941196488,137.57916259765625,15783300
2026-06-23,XOM,138.56278739587265,139.486796941336,137.60895690836153,138.83103942871094,13699400
2026-06-24,XOM,136.23784244879812,136.75450130722126,134.7176868182312,136.01925659179688,16212900
2026-06-25,XOM,134.76735400327686,137.18172838415734,134.08179072030313,136.66506958007812,13288800
2026-06-26,XOM,136.08880152709986,136.6948776843146,135.04555369443563,135.66156005859375,22684200
2026-06-29,XOM,135.70132071428984,136.5061071911013,134.51897409848138,135.18466186523438,11972700
2026-06-30,XOM,135.6019469157409,136.4166786942443,134.45935154509178,135.8404083251953,28784000
2026-07-01,XOM,135.6516356483452,136.60546617741443,134.75743184534812,135.4032440185547,12433400
2026-07-02,XOM,136.26763463349974,138.24483735700704,135.45291801558523,136.20802307128906,13703300
2026-07-06,XOM,135.67150299991567,136.48621961272076,135.13496862214214,135.5622100830078,13915100
2026-07-07,XOM,137.6685743295943,140.82812374084455,137.24134800388697,140.7784423828125,14667800
2026-07-08,XOM,142.5171821025025,143.0636467131422,138.91053083290223,140.2220458984375,18291400
2026-07-09,XOM,138.7614962690738,139.14898658435814,136.2378289556867,136.57565307617188,14110200
2026-07-10,XOM,137.01282036043938,138.0759438396731,136.25771524478435,137.9865264892578,9753500
2026-07-13,XOM,140.013391594685,144.29566085231056,139.58616526996687,143.58029174804688,18724300
2026-07-14,XOM,144.57385127298625,145.06070430003604,142.9642784465353,144.15655517578125,16096400
2026-07-15,XOM,144.15656214651605,144.15656214651605,141.11625103370636,143.58029174804688,13444500
2026-07-16,XOM,144.3453443482853,145.92511149334146,143.62004502594374,145.0110321044922,13518000
2026-07-17,XOM,148.07121098589766,149.03497168229288,146.2231767306124,146.41195678710938,19031400
2026-07-20,XOM,145.55749846162485,148.13083216789195,145.28923125020256,147.40553283691406,12149200
2026-07-21,XOM,148.0513366306137,150.78364446729043,147.52474760584934,150.73397827148438,13145300
2026-07-22,XOM,152.87014400150304,153.80409894761962,151.96599483786918,153.4563446044922,13788700
2026-07-23,XOM,155.59251814100296,157.54984533591656,155.05598374734197,155.88064575195312,15822800
2026-07-24,XOM,155.98000972608443,157.6889453127249,154.67842488089144,155.93032836914062,12091600
2026-07-27,XOM,152.08523196835614,154.420104155216,151.51889178426083,153.7742919921875,13955800
2026-07-28,XOM,153.17815498792126,155.17521831898253,150.9028942324521,152.055419921875,16299900
2026-07-29,XOM,156.7053073348219,158.04662815474293,154.85727306502608,155.74154663085938,14571300
2026-07-30,XOM,154.09223405988436,156.76493053038882,153.53583921231603,155.96014404296875,12578100
2026-07-31,XOM,152.7509270772818,155.1553563125088,151.16121453071767,154.4399871826172,15714200
2026-08-03,XOM,152.4727263545316,154.90696132074848,151.66792473036153,154.0624237060547,14532800
2026-08-04,XOM,150.6445556868725,153.84384119554895,148.13083352442996,152.96951293945312,14347900
2026-08-05,XOM,154.04254552700252,154.04254552700252,150.17757239730147,150.6544952392578,12227500
2026-08-06,XOM,153.227835140774,153.87364733649875,150.8631418913171,153.84384155273438,11879100
2026-08-07,XOM,151.65799936147022,152.68137170710398,150.55513987163098,152.055419921875,18455200
2026-08-10,XOM,153.50603299447087,159.33826383030498,153.45635163451644,158.76199340820312,19761600
2026-08-11,XOM,158.6328281788065,160.62989135010667,158.2453378571924,158.7719268798828,13744500
2026-08-12,XOM,157.5299675257101,159.19915192536513,156.54633125837117,158.7222442626953,13219500
2026-08-13,XOM,157.0133139569994,158.73217976988673,156.4171679882901,157.58958435058594,10542800
2026-08-14,XOM,158.68251698441384,160.22253297554738,158.22546971049474,159.07000732421875,10231300
2026-08-17,XOM,160.10000610351562,162.50999450683594,159.08999633789062,161.4600067138672,12858100
2026-08-18,XOM,164.35000610351562,165.6699981689453,163.25,165.55999755859375,18952700
2026-08-19,XOM,166.07000732421875,168.2100067138672,164.66000366210938,164.77000427246094,13648900
2026-08-20,XOM,167.02000427246094,168.63999938964844,166.07000732421875,166.14999389648438,13803000
2026-08-21,XOM,166.5399932861328,168.0,164.61000061035156,165.11000061035156,14300700
2026-04-15,DIS,101.8198131278678,102.59388068273239,101.01597490879759,102.2564697265625,7035300
2026-04-16,DIS,102.83205470603097,103.73513093975063,101.9984383035261,103.10992431640625,8145900
2026-04-17,DIS,103.89391872259145,105.52144722884589,103.89391872259145,105.48175048828125,10506200
2026-04-20,DIS,105.10464257514987,106.29551450391168,105.10464257514987,105.4916763305664,6423400
2026-04-21,DIS,105.3825171192469,106.06726510321214,103.1793971336853,103.49696350097656,7784500
2026-04-22,DIS,104.2313285377519,105.47182327436494,103.43741644914698,104.0229263305664,6886600
2026-04-23,DIS,104.14202322381671,104.40004069417164,101.7701977411496,102.86183166503906,6147000
2026-04-24,DIS,102.81220477355,102.85190151465905,101.19460232309635,101.81980895996094,5974500
2026-04-27,DIS,101.83965978533895,103.02060563953918,101.28391298845388,101.57170867919922,6524300
2026-04-28,DIS,101.87935582220716,102.50456244658284,99.84494141643668,100.69840240478516,6409300
2026-04-29,DIS,100.17243812617741,100.70833278627653,99.83501960476121,100.52970123291016,5533700
2026-04-30,DIS,100.14266668122531,103.32825638192301,99.65638727390106,102.96106719970703,9203500
2026-05-01,DIS,103.60612767816932,104.03285819415163,102.18700131770525,102.2961654663086,5956900
2026-05-04,DIS,101.95874579023288,102.26639364708471,100.49992270390443,100.53961944580078,8400100
2026-05-05,DIS,100.75794581561743,100.95642952130724,99.29912275715898,99.71593475341797,14314700
2026-05-06,DIS,105.70999842237963,108.31007817206148,104.50920040002059,107.23828887939453,23219500
2026-05-07,DIS,108.22076636608939,109.63989268061516,106.27566391105587,107.83373260498047,14309200
2026-05-08,DIS,108.20091503778465,108.37954658823092,106.72224738604457,107.19859313964844,8370000
2026-05-11,DIS,107.17874785259357,107.56578161412871,103.58627228220827,103.92369079589844,10562300
2026-05-12,DIS,104.19163617960176,105.4619016318964,103.42749472111741,105.35274505615234,8178500
2026-05-13,DIS,104.54890054022766,105.07486912556905,103.07023285422235,104.10232543945312,7605900
2026-05-14,DIS,104.73745264732493,105.48174949026665,104.05269712897726,104.61836242675781,6144600
2026-05-15,DIS,104.23132801819175,104.61836176837545,101.52209176690585,101.93889617919922,9258600
2026-05-18,DIS,101.90912608364066,103.90383616986786,101.77019127877047,103.1198501586914,9037200
2026-05-19,DIS,102.9213691252704,103.13969741611875,101.19460252614681,101.51216888427734,7032600
2026-05-20,DIS,102.12745766547482,104.06262648961834,100.8274139902545,103.28855895996094,7941400
2026-05-21,DIS,102.82212906090601,103.82445093516053,101.80988110870229,102.7923583984375,8611200
2026-05-22,DIS,103.24885888746034,103.7053600422387,102.19692177303108,102.21676635742188,5693300
2026-05-26,DIS,102.31600498962058,103.0106865892155,101.571708143084,102.49463653564453,6714400
2026-05-27,DIS,102.51448891845591,104.4496576951832,102.47479217798725,103.3877944946289,7360100
2026-05-28,DIS,103.02060905696617,103.61605261419375,102.31600892371814,102.94122314453125,6511100
2026-05-29,DIS,102.84197968736177,102.97099599414373,101.05567169189453,101.05567169189453,13340300
2026-06-01,DIS,100.88696335573167,102.2266962072239,99.53730442598828,102.06790924072266,8219000
2026-06-02,DIS,101.5717095216456,101.71064432917443,99.32889287365569,100.63886260986328,8397400
2026-06-03,DIS,99.67623490973834,100.49991765573053,98.495281504625,98.63421630859375,7471600
2026-06-04,DIS,99.77547422442305,100.69840261742887,98.25710986817649,98.5845947265625,9568000
2026-06-05,DIS,98.92201919170897,99.43806170522778,98.33650169977196,98.95178985595703,9501600
2026-06-08,DIS,98.76323055949389,99.08079692509821,97.66167814394407,98.11817932128906,7559200
2026-06-09,DIS,98.29680690142362,99.32889186938023,97.7609122614967,98.57467651367188,8616300
2026-06-10,DIS,98.7334588011272,99.00140991464168,97.20516831754395,97.86015319824219,7041400
2026-06-11,DIS,98.07848356908464,99.97395570346617,97.35403126794252,99.57699584960938,9264400
2026-06-12,DIS,100.29152205051567,100.99612219455338,98.78308369184245,99.27928161621094,8257200
2026-06-15,DIS,100.11288702989278,101.62133290773681,99.82509133515438,100.91673278808594,10265100
2026-06-16,DIS,100.65871043874095,101.15490835915841,99.28920690408536,100.50984954833984,10694600
2026-06-17,DIS,99.90448284246082,101.58163415846502,99.67623604963576,100.0930404663086,11168700
2026-06-18,DIS,101.02589489809478,103.42749090340284,100.03349910369847,103.0999984741211,22943600
2026-06-22,DIS,102.62365852244403,103.51680873068582,100.73810489243905,101.67095184326172,17396300
2026-06-23,DIS,101.24421702596689,103.24886079859846,101.02589630811102,102.74273681640625,14457400
2026-06-24,DIS,102.31600604449831,103.73513234938109,100.27167310777538,100.35106658935547,12215500
2026-06-25,DIS,100.34114161761468,100.80756886281634,97.24486394426569,97.30441284179688,12054400
2026-06-26,DIS,97.30440945370802,98.69375749140566,97.15554857213215,98.03878021240234,13921400
2026-06-29,DIS,98.95178655891404,99.27927899748993,97.75098852218167,97.87999725341797,10418100
2026-06-30,DIS,97.41000366210938,97.5999984741211,95.98999786376953,96.25,12717800
2026-07-01,DIS,96.55000305175781,97.76000213623047,95.6500015258789,95.70999908447266,11590400
2026-07-02,DIS,96.4000015258789,99.5199966430664,95.7699966430664,99.5,11297800
2026-07-06,DIS,98.8499984741211,99.44000244140625,97.0199966430664,97.41000366210938,10171900
2026-07-07,DIS,98.13999938964844,99.04000091552734,96.91999816894531,97.4800033569336,9936400
2026-07-08,DIS,97.30000305175781,97.66000366210938,96.63999938964844,96.69999694824219,8720800
2026-07-09,DIS,96.33999633789062,96.55000305175781,94.77999877929688,96.16999816894531,11448100
2026-07-10,DIS,96.88999938964844,97.05000305175781,95.5199966430664,95.62000274658203,10678900
2026-07-13,DIS,96.0999984741211,97.54000091552734,95.83000183105469,96.0,9304200
2026-07-14,DIS,95.51000213623047,96.69000244140625,95.12999725341797,95.87000274658203,7651600
2026-07-15,DIS,96.0999984741211,97.9000015258789,96.0999984741211,97.1500015258789,10219200
2026-07-16,DIS,97.27999877929688,99.8499984741211,97.27999877929688,99.70999908447266,7480000
2026-07-17,DIS,99.01000213623047,99.79000091552734,97.05000305175781,97.66999816894531,10496500
2026-07-20,DIS,97.8499984741211,98.38999938964844,96.0,96.41000366210938,9861700
2026-07-21,DIS,96.0,96.88999938964844,95.83999633789062,96.13999938964844,9745400
2026-07-22,DIS,97.12000274658203,97.30000305175781,95.6500015258789,95.87000274658203,9119200
2026-07-23,DIS,94.80999755859375,94.81999969482422,92.48999786376953,92.83000183105469,13562500
2026-07-24,DIS,93.26000213623047,96.29000091552734,93.0,94.8499984741211,12153100
2026-07-27,DIS,95.51000213623047,97.19000244140625,95.51000213623047,96.6500015258789,10593900
2026-07-28,DIS,97.0,99.2300033569336,96.97000122070312,98.88999938964844,11389300
2026-07-29,DIS,98.33999633789062,99.41000366210938,97.98999786376953,98.4800033569336,11070100
2026-07-30,DIS,97.41000366210938,97.4800033569336,94.45999908447266,96.16000366210938,21112400
2026-07-31,DIS,96.08000183105469,96.58999633789062,95.5999984741211,96.19000244140625,11193000
2026-08-03,DIS,97.62000274658203,99.05000305175781,97.20999908447266,98.13999938964844,11480300
2026-08-04,DIS,97.87000274658203,98.56999969482422,97.37999725341797,98.18000030517578,16796800
2026-08-05,DIS,101.98999786376953,103.20999908447266,99.69000244140625,101.76000213623047,20809000
2026-08-06,DIS,102.54000091552734,104.7300033569336,102.5199966430664,104.68000030517578,14047200
2026-08-07,DIS,104.41999816894531,105.25,103.69999694824219,104.91000366210938,10929700
2026-08-10,DIS,104.61000061035156,104.80000305175781,102.80000305175781,103.18000030517578,8631900
2026-08-11,DIS,102.94999694824219,104.08999633789062,102.79000091552734,103.52999877929688,6781600
2026-08-12,DIS,103.29000091552734,103.68000030517578,102.02999877929688,103.22000122070312,6717500
2026-08-13,DIS,103.80000305175781,104.94000244140625,103.45999908447266,104.80000305175781,7100000
2026-08-14,DIS,104.98999786376953,107.11000061035156,104.91000366210938,106.8499984741211,8176900
2026-08-17,DIS,106.33000183105469,106.63999938964844,103.45999908447266,103.5,7635000
2026-08-18,DIS,104.19000244140625,105.20999908447266,103.62999725341797,103.94999694824219,6149900
2026-08-19,DIS,104.05999755859375,107.05999755859375,103.95999908447266,106.93000030517578,8046100
2026-08-20,DIS,106.87999725341797,108.69000244140625,106.41999816894531,107.31999969482422,7971500
2026-08-21,DIS,107.56999969482422,108.41000366210938,106.97000122070312,107.77999877929688,6829400
2026-04-15,GOOGL,332.69130668872015,337.278563176308,330.70247381548376,336.91876220703125,24918800
2026-04-16,GOOGL,338.5477782390461,339.67710854893676,334.3202924195682,335.81939697265625,20541500
2026-04-17,GOOGL,337.4484504303517,342.1156763245155,336.0392884001999,341.4760437011719,25581900
2026-04-20,GOOGL,340.55660000710446,341.1962021124509,336.40905286572576,337.2185974121094,18784200
2026-04-21,GOOGL,337.48841459650436,339.13742351057505,331.1522029907326,332.0916442871094,23123800
2026-04-22,GOOGL,336.818816762841,339.6171637007564,334.96994545488326,339.1174621582031,20293000
2026-04-23,GOOGL,340.9763246437424,341.7558578013153,335.97930940305434,338.6877136230469,18650300
2026-04-24,GOOGL,338.5277988797623,345.06387272769797,335.1897964239415,344.19439697265625,26426100
2026-04-27,GOOGL,345.77347673538645,352.9691603649003,342.5254168368208,350.130859375,28576900
2026-04-28,GOOGL,348.34192077884484,352.20963620070955,345.91337868788094,349.5711975097656,27824100
2026-04-29,GOOGL,347.36252924438134,355.5776236260777,344.0045190996302,349.7311096191406,35376300
2026-04-30,GOOGL,373.8467067603946,385.6096696957082,365.60163158627074,384.5702819824219,72040000
2026-05-01,GOOGL,381.4022037517389,386.52914645154755,378.82372671588394,385.45977783203125,30105200
2026-05-04,GOOGL,385.39979379858875,387.14874909409923,379.56328378663693,383.0212097167969,26298600
2026-05-05,GOOGL,385.99945170269467,392.58551415458055,383.79074899852696,388.1981201171875,23878600
2026-05-06,GOOGL,394.0146525811788,399.61131576273664,392.52555179602564,397.8023986816406,31308500
2026-05-07,GOOGL,399.6812819584635,399.8611671879692,392.4455831227277,397.7524108886719,24433500
2026-05-08,GOOGL,396.7630105926761,401.76002583943523,396.1233780013978,400.56072998046875,21461800
2026-05-11,GOOGL,393.41500861238904,397.2027547509894,388.23810807955056,388.40802001953125,30753700
2026-05-12,GOOGL,387.10877062384725,388.28805889354703,382.541491402114,387.1187744140625,26017500
2026-05-13,GOOGL,385.3698394939953,403.4590416115898,384.77019153718186,402.3796691894531,28144600
2026-05-14,GOOGL,397.04285074569174,402.6894719958145,395.6037078837972,400.8305969238281,21136700
2026-05-15,GOOGL,396.0834349796574,399.30151410906007,392.9452946767326,396.54315185546875,20309700
2026-05-18,GOOGL,395.4538101055549,408.36608091552193,394.29449886421145,396.70306396484375,26837200
2026-05-19,GOOGL,396.72302500471704,396.91291402359946,385.8794958446922,387.4285888671875,39545700
2026-05-20,GOOGL,387.4685872554011,393.62488340369265,382.6714341601505,388.6778564453125,31744400
2026-05-21,GOOGL,385.46976743485186,392.2656959548347,382.7913440893277,387.4285888671875,24852800
2026-05-22,GOOGL,387.1187843592316,388.5079387636157,381.54209816202837,382.74139404296875,20442100
2026-05-26,GOOGL,384.2804712769477,389.0276356997364,382.3716078175452,388.6478576660156,27747400
2026-05-27,GOOGL,386.4391861502527,393.64487351491664,385.66962629134815,388.5978698730469,23087300
2026-05-28,GOOGL,387.76839182151133,391.6360768291116,384.9300907577927,389.8971252441406,24357500
2026-05-29,GOOGL,385.0100143138995,385.0100143138995,378.2340629764561,380.1129455566406,44415800
2026-06-01,GOOGL,376.2952290661171,378.3340198477676,373.2970198869562,376.14532470703125,28672100
2026-06-02,GOOGL,366.371163421305,373.31702687507857,358.2260345973877,361.6340026855469,50412300
2026-06-03,GOOGL,361.81388965190393,366.2312646097652,357.8662353535933,358.77569580078125,55441600
2026-06-04,GOOGL,358.68575901079333,373.0271992966173,357.99616844622375,371.96783447265625,44055500
2026-06-05,GOOGL,366.1213024821565,371.8578661166277,363.90262653478294,368.30999755859375,37471200
2026-06-08,GOOGL,365.17999267578125,366.20001220703125,360.5299987792969,363.30999755859375,27942500
2026-06-09,GOOGL,367.0899963378906,372.0799865722656,357.29998779296875,364.260009765625,29535100
2026-06-10,GOOGL,363.19000244140625,368.55999755859375,355.20001220703125,356.3800048828125,32357100
2026-06-11,GOOGL,355.92999267578125,358.79998779296875,346.3599853515625,357.7699890136719,35538200
2026-06-12,GOOGL,362.6199951171875,366.57000732421875,354.94000244140625,359.67999267578125,24704600
2026-06-15,GOOGL,367.92999267578125,372.989990234375,366.54998779296875,369.3500061035156,27727500
2026-06-16,GOOGL,369.6000061035156,376.0,367.05999755859375,373.25,24876100
2026-06-17,GOOGL,369.1300048828125,372.3299865722656,362.0199890136719,363.7900085449219,24543600
2026-06-18,GOOGL,365.75,369.4800109863281,358.6700134277344,368.0299987792969,44470100
2026-06-22,GOOGL,357.95001220703125,358.9200134277344,341.7200012207031,349.67999267578125,52814800
2026-06-23,GOOGL,340.69000244140625,349.2900085449219,340.20001220703125,346.1300048828125,34007700
2026-06-24,GOOGL,349.0400085449219,353.4800109863281,341.92999267578125,345.2900085449219,44997300
2026-06-25,GOOGL,336.7300109863281,345.57000732421875,335.8399963378906,343.7099914550781,44491400
2026-06-26,GOOGL,342.54998779296875,346.3599853515625,330.20001220703125,337.3900146484375,114706300
2026-06-29,GOOGL,341.8299865722656,354.3500061035156,340.6700134277344,353.6499938964844,34213900
2026-06-30,GOOGL,353.8699951171875,358.6199951171875,350.3999938964844,357.3699951171875,35237200
2026-07-01,GOOGL,358.3699951171875,362.9700012207031,356.42999267578125,361.2099914550781,26736400
2026-07-02,GOOGL,359.4800109863281,364.2099914550781,353.4200134277344,359.9100036621094,25974800
2026-07-06,GOOGL,361.54998779296875,367.92999267578125,357.3800048828125,366.4599914550781,26915800
2026-07-07,GOOGL,369.07000732421875,373.1600036621094,365.5,367.0299987792969,24045600
2026-07-08,GOOGL,364.760009765625,367.8399963378906,358.0199890136719,361.9200134277344,22094800
2026-07-09,GOOGL,354.30999755859375,359.6499938964844,351.0799865722656,358.8900146484375,24729100
2026-07-10,GOOGL,357.5299987792969,357.82000732421875,352.75,357.17999267578125,18146100
2026-07-13,GOOGL,356.19000244140625,358.1300048828125,351.75,352.510009765625,15901700
2026-07-14,GOOGL,351.20001220703125,360.1600036621094,351.0899963378906,359.510009765625,18259400
2026-07-15,GOOGL,357.9700012207031,373.6499938964844,357.760009765625,370.9200134277344,28284600
2026-07-16,GOOGL,373.05999755859375,375.2699890136719,352.29998779296875,354.4599914550781,41158500
2026-07-17,GOOGL,346.0,348.5199890136719,341.3599853515625,346.7699890136719,29959300
2026-07-20,GOOGL,350.8800048828125,359.67999267578125,350.5199890136719,351.989990234375,24736600
2026-07-21,GOOGL,351.32000732421875,351.32000732421875,347.0,347.1499938964844,23369800
2026-07-22,GOOGL,348.1600036621094,349.94000244140625,341.7300109863281,342.0899963378906,39334100
2026-07-23,GOOGL,321.1300048828125,324.489990234375,314.8999938964844,317.69000244140625,69419700
2026-07-24,GOOGL,318.4200134277344,324.17999267578125,317.32000732421875,319.739990234375,31806600
2026-07-27,GOOGL,325.0400085449219,330.4200134277344,324.45001220703125,326.55999755859375,28471600
2026-07-28,GOOGL,327.8999938964844,335.8800048828125,324.44000244140625,333.7099914550781,29511900
2026-07-29,GOOGL,334.6700134277344,342.5,331.6199951171875,336.7099914550781,27501600
2026-07-30,GOOGL,334.20001220703125,336.510009765625,330.3399963378906,333.6600036621094,30168000
2026-07-31,GOOGL,340.8299865722656,358.5799865722656,340.0,356.1300048828125,46498000
2026-08-03,GOOGL,365.45001220703125,376.69000244140625,363.3500061035156,373.510009765625,38669700
2026-08-04,GOOGL,368.2200012207031,380.5199890136719,367.5,377.6499938964844,35705700
2026-08-05,GOOGL,383.3399963378906,384.4800109863281,356.7699890136719,362.42999267578125,46926300
2026-08-06,GOOGL,360.7699890136719,364.1300048828125,356.8800048828125,357.75,25235900
2026-08-07,GOOGL,356.7200012207031,358.8999938964844,353.7799987792969,354.29998779296875,19859900
2026-08-10,GOOGL,355.17999267578125,357.6099853515625,352.7099914550781,357.5199890136719,18991400
2026-08-11,GOOGL,355.8900146484375,356.80999755859375,343.3900146484375,343.79998779296875,29081800
2026-08-12,GOOGL,346.30999755859375,346.4800109863281,340.8800048828125,343.5400085449219,25012000
2026-08-13,GOOGL,345.7699890136719,347.92999267578125,343.760009765625,346.3599853515625,17866100
2026-08-14,GOOGL,346.79998779296875,350.45001220703125,344.5,345.8999938964844,17808600
2026-08-17,GOOGL,346.2699890136719,347.25,341.92999267578125,344.0,18291300
2026-08-18,GOOGL,342.4100036621094,344.8699951171875,340.19000244140625,344.20001220703125,19248800
2026-08-19,GOOGL,342.4599914550781,346.7300109863281,340.6600036621094,344.7200012207031,19733800
2026-08-20,GOOGL,343.05999755859375,343.8999938964844,338.57000732421875,340.6700134277344,18570400
2026-08-21,GOOGL,342.5799865722656,346.20001220703125,340.3999938964844,344.82000732421875,20803700
2026-04-15,PG,142.21941628058443,142.25881654232523,140.15054927473156,141.2539520263672,7698200
2026-04-16,PG,141.07662268466274,142.15045652101287,140.54463643673324,140.9879608154297,6947100
2026-04-17,PG,141.2835176988996,145.40152937248862,141.03722470313383,144.75131225585938,10886000
2026-04-20,PG,143.894200416821,144.48530954973714,141.46082470394612,142.3474884033203,8084700
2026-04-21,PG,142.47555434827277,142.47555434827277,140.2096710205078,140.2096710205078,11197200
2026-04-22,PG,140.38699534641668,141.175135870657,140.1111484178121,140.7318115234375,7236300
2026-04-23,PG,141.27364818248435,144.06168653710807,141.27364818248435,143.54940795898438,11288800
2026-04-24,PG,150.88365411979794,151.29061979953673,146.5261830755894,147.08203125,13786200
2026-04-27,PG,146.3276654919543,148.59077024600995,146.3276654919543,147.30039978027344,9166400
2026-04-28,PG,148.91832555270014,150.06973396702963,147.33017497116106,148.064697265625,7965700
2026-04-29,PG,147.2011489489405,147.64781156823693,144.80900261897824,145.37478637695312,9002400
2026-04-30,PG,146.00010681152344,146.62544356094526,144.86855445040024,146.00010681152344,9491700
2026-05-01,PG,146.77431917479143,148.17387509806076,145.37477839724775,146.16883850097656,6814800
2026-05-04,PG,144.97773760551402,144.97773760551402,142.20841731714523,142.3572998046875,9642800
2026-05-05,PG,142.31759815323613,144.8189147356386,141.12647770935808,143.82632446289062,7664300
2026-05-06,PG,145.31522213128636,147.8463305694715,144.85863904890977,146.80410766601562,9399500
2026-05-07,PG,146.89344458988742,146.89344458988742,144.93804047870418,144.9777374267578,9545800
2026-05-08,PG,145.46410933273836,146.42692312109028,145.12663227072707,145.33506774902344,5741000
2026-05-11,PG,144.70973188862237,144.86854997018716,140.91804485205006,142.29774475097656,7489500
2026-05-12,PG,143.280415861365,144.77922176188346,141.80145086192348,142.8436737060547,9051200
2026-05-13,PG,142.0892960817053,143.59803758588825,140.61034622073603,141.18605041503906,6685900
2026-05-14,PG,142.11907615278005,143.2109315738657,141.57316358796368,141.65257263183594,9636200
2026-05-15,PG,142.33743821269604,142.33743821269604,140.1537426546991,140.52101135253906,6989400
2026-05-18,PG,141.0470859006894,143.35980794213955,140.58056725394388,141.33493041992188,7731200
2026-05-19,PG,141.41433476165247,142.64515212961857,139.80634339609261,140.2530059814453,8355800
2026-05-20,PG,140.40189739386727,142.15878649680377,139.57804561278098,141.3845672607422,8375600
2026-05-21,PG,140.82872171436264,142.65508429757702,139.0519765313656,142.3374481201172,6297300
2026-05-22,PG,142.80396721343075,143.5682660152007,142.46649013317318,143.3697509765625,4616700
2026-05-26,PG,143.43921385494397,144.53106920558864,141.47388936950904,141.9007110595703,8157200
2026-05-27,PG,142.39701787414097,147.43936350970256,142.39701787414097,146.39715576171875,10048900
2026-05-28,PG,145.612997111615,145.612997111615,143.93551704523207,144.828857421875,10196700
2026-05-29,PG,144.44174525633545,144.56085124616453,142.13892848146642,142.4962615966797,12355800
2026-06-01,PG,140.47138752814354,140.76916765583465,137.8310936193964,139.24057006835938,11093800
2026-06-02,PG,139.08175544671062,140.07434579993173,137.99983559667405,139.77658081054688,9599500
2026-06-03,PG,139.88575229098456,141.3944938803485,138.96265052530114,139.1512451171875,9351000
2026-06-04,PG,141.64263375422658,142.07937591254404,138.85345741537546,139.7368621826172,8194000
2026-06-05,PG,141.16619557848443,147.13165790934903,140.7493094643581,145.4541778564453,10963200
2026-06-08,PG,144.70973114236304,145.4641094530425,143.94544752700992,144.0248565673828,7200700
2026-06-09,PG,143.59804376120496,148.37240090955876,143.45908171837834,147.5684051513672,8259300
2026-06-10,PG,148.7992154215363,149.31535147231375,147.28055347507657,147.94558715820312,7345900
2026-06-11,PG,147.598177848302,148.51135912703037,146.67507611881535,147.2408447265625,6684700
2026-06-12,PG,148.2731427996088,149.08705896400699,147.20114346579274,148.50143432617188,6832000
2026-06-15,PG,147.65772297578928,150.37742576552802,147.65772297578928,149.3451385498047,9158900
2026-06-16,PG,150.38735797717848,151.88617909397178,149.43447972594635,151.360107421875,8518900
2026-06-17,PG,151.25091863487825,151.80676679379997,148.6602572796902,149.44439697265625,7055800
2026-06-18,PG,149.75209135760457,151.16156774393545,149.06720163806705,149.26573181152344,17076100
2026-06-22,PG,148.99772611003655,149.77194530936566,146.47655348709506,146.58572387695312,10533000
2026-06-23,PG,148.55106691849042,150.24838783829253,148.2632072518497,149.74217224121094,7259600
2026-06-24,PG,150.8638042327417,152.21372763836797,149.8017253482469,150.91342163085938,8618500
2026-06-25,PG,150.44691766622896,151.16156874163084,146.72470407524094,147.399658203125,11197200
2026-06-26,PG,149.22602863866396,149.76203590587528,147.3202569962244,147.9158172607422,16724600
2026-06-29,PG,147.62794542400204,147.94558157778496,145.95046545793386,147.3500213623047,10387700
2026-06-30,PG,146.4368410119005,146.4368410119005,143.1017371059213,145.55343627929688,9353800
2026-07-01,PG,145.44426020826734,146.40707404244185,144.47152592322945,146.33758544921875,9571700
2026-07-02,PG,147.4790688253476,150.54616922223693,146.64529660699972,150.28810119628906,9256000
2026-07-06,PG,149.56350295674108,150.09951021404746,145.8710808804345,148.2036590576172,8323100
2026-07-07,PG,151.5288345729856,152.35268631631146,149.49402148604588,151.6181640625,8061400
2026-07-08,PG,149.84144376243256,149.95062930520396,147.25078238006273,147.30039978027344,14272300
2026-07-09,PG,145.68247755792555,146.56588228869282,144.5211487643815,145.7618865966797,7748000
2026-07-10,PG,146.01003811067335,147.4889879534934,145.62292850235943,145.95046997070312,12473000
2026-07-13,PG,146.98277010767168,148.93817416597793,146.01995632685183,147.27061462402344,7816100
2026-07-14,PG,147.2706141757336,147.64780332666248,144.5112144243791,144.99758911132812,7668100
2026-07-15,PG,144.20352344589517,147.48899504939956,143.5881222814616,146.9530029296875,6180000
2026-07-16,PG,148.38232515400534,150.3972821936961,147.08201917579933,150.37742614746094,6485400
2026-07-17,PG,151.72734765498078,153.17653609779785,148.20364920502914,148.86868286132812,8917400
2026-07-20,PG,148.45180044864716,148.98780768360248,147.33016858111816,148.02499389648438,5788300
2026-07-21,PG,146.76439739532225,147.3103250709858,145.7916631750561,147.00262451171875,7027600
2026-07-22,PG,148.3922474549245,149.3451407916641,147.71729333176688,148.02499389648438,5371200
2026-07-23,PG,145.05714494268898,146.51625388635964,144.51121725190643,145.88099670410156,6499200
2026-07-24,PG,146.4499969482422,147.99000549316406,145.39999389648438,147.41000366210938,6620700
2026-07-27,PG,147.85000610351562,150.25,147.85000610351562,148.6300048828125,7301800
2026-07-28,PG,151.5,153.67999267578125,148.52000427246094,148.8800048828125,12848800
2026-07-29,PG,141.3800048828125,146.3800048828125,140.1999969482422,146.10000610351562,14616800
2026-07-30,PG,143.75999450683594,144.4499969482422,142.25,143.9600067138672,9571100
2026-07-31,PG,143.50999450683594,144.6999969482422,141.4600067138672,144.49000549316406,9152600
2026-08-03,PG,145.85000610351562,147.14999389648438,144.25999450683594,144.97000122070312,8843600
2026-08-04,PG,144.0399932861328,148.25,143.7899932861328,148.00999450683594,7362300
2026-08-05,PG,147.85000610351562,147.85000610351562,144.66000366210938,146.8000030517578,9753300
2026-08-06,PG,147.82000732421875,148.5,145.4499969482422,146.97000122070312,8766700
2026-08-07,PG,144.89999389648438,146.0,143.8800048828125,145.7899932861328,7565500
2026-08-10,PG,144.72999572753906,146.4600067138672,144.14999389648438,146.44000244140625,7386500
2026-08-11,PG,145.41000366210938,145.7100067138672,143.92999267578125,145.2100067138672,7936700
2026-08-12,PG,144.0500030517578,144.94000244140625,143.7899932861328,144.0800018310547,7195000
2026-08-13,PG,144.58999633789062,145.8000030517578,144.0,144.25999450683594,7491300
2026-08-14,PG,144.3300018310547,144.91000366210938,143.4199981689453,144.5500030517578,7249600
2026-08-17,PG,143.63999938964844,143.97000122070312,142.47999572753906,143.1199951171875,9867500
2026-08-18,PG,143.27999877929688,144.4199981689453,142.67999267578125,143.4499969482422,12746100
2026-08-19,PG,144.3000030517578,146.22999572753906,143.6199951171875,144.3800048828125,13948500
2026-08-20,PG,144.47000122070312,144.9199981689453,142.55999755859375,142.97000122070312,15794100
2026-08-21,PG,143.02000427246094,145.27000427246094,142.13999938964844,144.67999267578125,9785200
2026-04-15,KO,75.25413092050265,75.25413092050265,74.24067748663992,74.82688903808594,16212100
2026-04-16,KO,74.54869173119597,75.35349326766206,74.41952839214989,74.6977310180664,11501900
2026-04-17,KO,74.46920197461165,75.57208206813982,74.32017027044805,75.25413513183594,15033900
2026-04-20,KO,75.33361911555104,75.73105465653612,74.87657089657657,74.99580383300781,10141800
2026-04-21,KO,74.99580503568177,75.04547974131874,74.14132126201923,74.2208023071289,11806900
2026-04-22,KO,74.4195249666911,74.89644156618083,74.0717717003022,74.15125274658203,9352300
2026-04-23,KO,74.95606443388003,76.16823950213326,74.67786181109135,75.7906723022461,12060300
2026-04-24,KO,76.21791636612102,76.515994944942,75.68137947251515,76.138427734375,12008700
2026-04-27,KO,76.21791205760562,76.21791205760562,74.91631800326823,74.95606231689453,15812200
2026-04-28,KO,79.00988194129084,79.80475303460555,77.5791245859579,77.8473892211914,30710700
2026-04-29,KO,77.86726689898849,78.77142539679481,77.68842127803904,78.36405944824219,18294700
2026-04-30,KO,78.29451268715263,78.61245963126434,77.82752645476445,78.25476837158203,15142200
2026-05-01,KO,78.78136462651507,79.12911790044723,77.5393832335768,78.07592010498047,12610400
2026-05-04,KO,77.5592522393189,78.26469676666424,77.23137491002663,77.68842315673828,12672400
2026-05-05,KO,77.68842190943671,78.2746334837031,77.24130406320289,77.9765625,11637500
2026-05-06,KO,78.27463052273052,78.82110534286001,78.0659785678954,78.72174835205078,14060300
2026-05-07,KO,78.2845711261052,78.64226236939791,77.59899497971874,77.9268798828125,16531400
2026-05-08,KO,78.06597805720338,78.69193391761387,77.61886781126051,77.91693878173828,12447200
2026-05-11,KO,77.6586181965025,78.22496142319731,77.3406636744042,78.15541076660156,10967900
2026-05-12,KO,78.49322534922855,79.80475741893426,77.777842842034,79.51661682128906,19883100
2026-05-13,KO,79.3576425036781,80.51019724643862,79.32782858391015,79.7451400756836,12357000
2026-05-14,KO,80.2121320219049,80.40090804458362,79.39739250692739,79.93392181396484,10642000
2026-05-15,KO,80.83808871150025,80.83808871150025,79.93392258301539,80.30155181884766,17527200
2026-05-18,KO,80.35123034180992,80.86789126211345,79.8743061549928,80.67910766601562,12375500
2026-05-19,KO,80.88777013797514,82.1297515668438,80.73873085042028,81.39449310302734,16595200
2026-05-20,KO,81.64288865926339,81.8714165755325,80.99705680593205,81.02687072753906,16999700
2026-05-21,KO,81.26532510394343,81.27526307733143,80.20218936500615,80.64929962158203,15708400
2026-05-22,KO,80.65924259051201,81.15603516434358,80.40090832959272,80.95732116699219,8240200
2026-05-26,KO,80.32141489019156,81.07654167973828,79.72526535337158,79.94385528564453,13004200
2026-05-27,KO,80.57975178021998,81.98071043915546,80.28168079225381,81.09642028808594,13209600
2026-05-28,KO,80.7983387830763,81.23551864608098,79.82462206468935,79.89418029785156,14691400
2026-05-29,KO,79.52654997942535,79.8146905596223,78.40380157834277,78.50315856933594,32477000
2026-06-01,KO,78.07592351013162,78.69194145640577,77.92688422038836,78.13553619384766,12776300
2026-06-02,KO,78.37399157852226,78.69193851387408,77.74803568155077,77.90701293945312,12533200
2026-06-03,KO,77.78778213919385,78.52303302611722,77.60893650935269,78.25476837158203,14964300
2026-06-04,KO,79.26822055124178,79.52655480787077,76.31727149881779,76.32720947265625,19361600
2026-06-05,KO,77.01278234173839,80.222057932939,76.98297600195211,78.97014617919922,25708100
2026-06-08,KO,78.80123435242527,79.41725986290979,78.59258238446752,79.0297622680664,12828900
2026-06-09,KO,79.03969616429994,81.235518281949,78.87078093951726,80.81820678710938,20591600
2026-06-10,KO,82.14961350503755,83.3121062121698,81.59320829419526,83.05377197265625,20880500
2026-06-11,KO,83.38166256276116,83.50089550771385,81.96083551900014,82.00057983398438,14264500
2026-06-12,KO,82.17942298796885,82.35826860978896,81.34481513977678,82.09000396728516,11757700
2026-06-15,KO,81.08000183105469,81.19999694824219,80.25,80.91000366210938,20055200
2026-06-16,KO,81.1500015258789,81.38999938964844,79.83999633789062,80.27999877929688,17565100
2026-06-17,KO,79.94999694824219,80.33000183105469,78.98999786376953,79.93000030517578,17055400
2026-06-18,KO,79.87000274658203,80.01000213623047,78.73999786376953,79.38999938964844,46857900
2026-06-22,KO,79.25,80.05999755859375,79.05999755859375,79.52999877929688,21205900
2026-06-23,KO,81.33000183105469,81.33000183105469,79.83000183105469,80.30999755859375,16854000
2026-06-24,KO,80.88999938964844,81.58000183105469,80.55999755859375,80.5999984741211,20632600
2026-06-25,KO,80.52999877929688,81.37999725341797,79.97000122070312,80.41999816894531,16021400
2026-06-26,KO,80.95999908447266,82.80999755859375,80.69999694824219,82.62999725341797,53357500
2026-06-29,KO,82.83000183105469,83.62000274658203,82.20999908447266,82.6500015258789,15015800
2026-06-30,KO,82.5,82.54000091552734,81.01000213623047,81.2699966430664,16422100
2026-07-01,KO,81.69999694824219,81.9800033569336,80.95999908447266,81.29000091552734,21734800
2026-07-02,KO,81.62999725341797,84.13999938964844,81.4000015258789,84.13999938964844,18308400
2026-07-06,KO,84.0999984741211,84.55999755859375,82.31999969482422,82.95999908447266,18992600
2026-07-07,KO,84.5999984741211,85.68000030517578,83.63999938964844,84.05000305175781,17835200
2026-07-08,KO,84.16999816894531,84.83000183105469,83.2699966430664,83.4000015258789,14160000
2026-07-09,KO,82.08999633789062,82.81999969482422,81.70999908447266,82.62999725341797,15782500
2026-07-10,KO,82.7300033569336,83.73999786376953,82.41000366210938,83.48999786376953,10694600
2026-07-13,KO,83.9000015258789,84.68000030517578,83.66999816894531,84.25,12085800
2026-07-14,KO,84.16999816894531,84.62999725341797,83.08000183105469,83.08000183105469,13775400
2026-07-15,KO,82.93000030517578,83.23999786376953,82.2300033569336,82.44999694824219,18383800
2026-07-16,KO,83.5,84.94999694824219,83.27999877929688,84.91999816894531,17889900
2026-07-17,KO,85.37000274658203,85.55999755859375,80.83000183105469,81.55999755859375,32903000
2026-07-20,KO,81.55000305175781,82.37000274658203,81.30000305175781,82.12000274658203,14967200
2026-07-21,KO,81.97000122070312,82.4000015258789,81.31999969482422,81.97000122070312,12949400
2026-07-22,KO,82.8499984741211,82.91999816894531,81.95999908447266,82.19999694824219,11701300
2026-07-23,KO,81.66999816894531,81.87000274658203,80.87999725341797,81.16999816894531,13755600
2026-07-24,KO,81.56999969482422,82.33000183105469,80.9000015258789,82.25,11980400
2026-07-27,KO,83.08000183105469,84.13999938964844,82.5,84.06999969482422,19937600
2026-07-28,KO,88.30000305175781,90.22000122070312,86.25,88.2699966430664,34982900
2026-07-29,KO,88.6500015258789,90.91999816894531,88.63999938964844,89.08000183105469,21711700
2026-07-30,KO,87.62999725341797,88.63999938964844,87.20999908447266,88.48999786376953,17616100
2026-07-31,KO,87.66000366210938,88.0,86.81999969482422,87.58999633789062,14725900
2026-08-03,KO,88.4800033569336,88.4800033569336,86.62999725341797,86.86000061035156,23197100
2026-08-04,KO,85.79000091552734,86.68000030517578,85.16000366210938,86.55999755859375,17085700
2026-08-05,KO,87.05000305175781,87.1500015258789,86.19000244140625,86.83000183105469,15868600
2026-08-06,KO,87.86000061035156,87.97000122070312,86.41999816894531,86.8499984741211,13568500
2026-08-07,KO,86.51000213623047,87.16999816894531,86.19000244140625,87.05000305175781,11221700
2026-08-10,KO,87.11000061035156,87.52999877929688,86.43000030517578,86.87000274658203,13710800
2026-08-11,KO,86.62000274658203,87.05000305175781,86.11000061035156,86.4800033569336,16018000
2026-08-12,KO,85.77999877929688,87.29000091552734,85.66000366210938,86.70999908447266,12651900
2026-08-13,KO,87.13999938964844,87.75,86.91000366210938,87.41999816894531,10140600
2026-08-14,KO,87.30000305175781,87.97000122070312,87.19999694824219,87.70999908447266,9166400
2026-08-17,KO,87.30000305175781,88.0199966430664,86.8499984741211,86.9800033569336,12056400
2026-08-18,KO,88.4000015258789,88.95999908447266,87.87999725341797,88.81999969482422,12524500
2026-08-19,KO,88.58999633789062,90.76000213623047,88.58999633789062,90.3499984741211,15993900
2026-08-20,KO,90.18000030517578,91.87000274658203,89.7300033569336,90.5,14928000
2026-08-21,KO,90.8499984741211,91.19999694824219,90.31999969482422,91.0999984741211,15534900
2026-04-15,CVX,183.07090537123722,183.9353789175989,180.79184419973262,181.64649963378906,8661600
2026-04-16,CVX,182.34395356288672,184.90788979073002,182.06889653372593,184.8292999267578,8013200
2026-04-17,CVX,178.6797789677757,181.04724789461181,174.60302931342582,180.7427215576172,15720600
2026-04-20,CVX,181.24371604346968,182.9824810936249,179.60319206555403,180.01577758789062,9661100
2026-04-21,CVX,180.7230815662459,183.0807175386048,179.1218449329075,182.69760131835938,9799000
2026-04-22,CVX,183.964831177037,186.07687931702083,182.8351188083967,183.03160095214844,8708300
2026-04-23,CVX,183.81747754554698,185.094536587933,182.2260740405874,184.2890167236328,6684700
2026-04-24,CVX,181.96084411035247,183.12984402249504,179.96667308004496,181.9412078857422,9626700
2026-04-27,CVX,182.90388644968678,185.04540386525113,180.42835839093416,181.51876831054688,10836600
2026-04-28,CVX,184.95700889152155,186.60736604314013,183.25754619110052,185.0355987548828,10754900
2026-04-29,CVX,186.7743593312861,189.2204031898196,186.15547354082176,188.8274688720703,8644600
2026-04-30,CVX,186.89223293606227,190.70375869875164,185.17311909827984,189.89822387695312,11748600
2026-05-01,CVX,187.9237219816454,190.66447427788046,186.40107515507725,187.2655487060547,10435900
2026-05-04,CVX,187.4816591032363,190.2911830346851,184.6524839584252,188.88641357421875,8229500
2026-05-05,CVX,187.8451149782872,190.25187136099336,187.08870069018533,189.24005126953125,5642800
2026-05-06,CVX,182.31447822671564,183.4834780568493,179.907721806167,181.89207458496094,11082900
2026-05-07,CVX,178.37526127340095,180.2024343733816,176.36143912183607,179.27902221679688,12194000
2026-05-08,CVX,178.82713632610137,179.50496078888713,177.5500922541974,178.41455078125,13053000
2026-05-11,CVX,179.77019639929262,181.9313651613874,179.77019639929262,181.4794921875,12042100
2026-05-12,CVX,183.20841725530693,183.5915334532052,181.40089544929887,182.66812133789062,8995100
2026-05-13,CVX,182.53060558239017,182.7270727507715,180.71326553800785,182.71725463867188,7554700
2026-05-14,CVX,182.90389241665417,184.25954127701567,181.9804802937693,183.345947265625,6222400
2026-05-15,CVX,185.27135701739738,188.12016819001704,184.58369950240112,187.72723388671875,11210800
2026-05-18,CVX,187.7959970030907,192.73722023231093,185.69376693135175,192.65863037109375,9869700
2026-05-19,CVX,193.24352165728013,197.14943647656602,191.79616157432926,195.54345703125,11819200
2026-05-20,CVX,194.55211470959853,196.47533293898638,189.6152041361591,189.6746826171875,14564900
2026-05-21,CVX,192.11338425290108,192.48019341746198,187.36483245647818,189.35743713378906,9051200
2026-05-22,CVX,188.72297690053614,190.3388795203656,188.1579162178831,189.7738037109375,7209600
2026-05-26,CVX,188.3561796606487,188.84194578014933,182.30894889451795,183.11195373535156,14264600
2026-05-27,CVX,180.2767004497806,182.13051699236496,179.10690155063838,180.82192993164062,9442800
2026-05-28,CVX,182.12061217118776,183.6571900134226,180.51461755677323,181.4464874267578,8725400
2026-05-29,CVX,181.13916907178498,181.3870061556587,178.83923367258456,180.8814239501953,13886500
2026-06-01,CVX,182.7848074875158,186.3140050749503,182.42792148840587,184.22225952148438,8850500
2026-06-02,CVX,183.28048518121938,186.81959087444886,183.28048518121938,185.92738342285156,6549800
2026-06-03,CVX,187.25578219104912,189.82337069065628,186.33383552103973,188.06869506835938,7983700
2026-06-04,CVX,187.36482933083468,188.45531851521605,186.04633427218252,186.720458984375,5163200
2026-06-05,CVX,187.42431270112647,187.9695573075498,184.97568111782311,185.689453125,6310900
2026-06-08,CVX,187.0674313622167,189.37727484209876,186.86916471678475,187.60276794433594,6113000
2026-06-09,CVX,186.86916237530232,187.7415537564023,183.86537811065833,185.1442108154297,8469900
2026-06-10,CVX,187.5531901308008,191.02290923322064,186.60148909264186,188.1579132080078,10041800
2026-06-11,CVX,190.1505234675948,190.58671915929676,183.9446882789702,184.2123565673828,9274100
2026-06-12,CVX,183.47875017070805,186.77001875032343,182.76497816514808,185.60023498535156,8703400
2026-06-15,CVX,177.35221089747452,180.09825001808318,176.22207440181367,178.8392333984375,10184900
2026-06-16,CVX,177.07462814408635,178.69053071035674,176.78714379345382,178.55174255371094,6663500
2026-06-17,CVX,177.4612610029066,178.5220109881872,175.56779716873388,176.04364013671875,8430000
2026-06-18,CVX,174.1204122250015,174.1204122250015,170.73991094170302,172.1278076171875,19146100
2026-06-22,CVX,172.57392352104563,173.93206592735817,171.364477317331,173.54544067382812,11108900
2026-06-23,CVX,174.2592071155141,174.87383823558957,173.18854911079316,174.4574737548828,6555300
2026-06-24,CVX,172.3855672448334,172.48470813242324,169.38178289752412,169.9666748046875,10634600
2026-06-25,CVX,168.74731948425116,171.27526083412147,167.80554156517903,170.74984741210938,7954200
2026-06-26,CVX,170.74984653515205,170.75975457308752,168.45981912291998,169.58004760742188,13102200
2026-06-29,CVX,169.8873552231953,170.11537622601344,166.91331029006062,167.012451171875,8813700
2026-06-30,CVX,168.231812140037,168.98524656793634,163.77074456051866,164.32589721679688,19428800
2026-07-01,CVX,163.3543696717164,166.021098986479,163.3543696717164,164.25650024414062,9175500
2026-07-02,CVX,166.8240911376383,168.08310771733343,165.9516997908543,167.7361297607422,9561800
2026-07-06,CVX,167.3990796858983,167.79561296737074,165.71379054947784,166.64566040039062,9974300
2026-07-07,CVX,168.6680034240702,173.09933164732058,168.52921526362996,172.5045166015625,9748900
2026-07-08,CVX,175.270391748575,177.03499060589527,173.4363912457271,174.44757080078125,9921800
2026-07-09,CVX,173.11915802206258,174.07084391660874,172.3954628736556,172.54417419433594,6582400
2026-07-10,CVX,173.45621947311395,174.89367153423836,172.0088442474984,174.87384033203125,5996600
2026-07-13,CVX,177.4711768935554,180.8021077864773,177.4711768935554,180.6236572265625,7685100
2026-07-14,CVX,181.1689097881995,181.77363288285085,179.06725614039013,180.18746948242188,6823300
2026-07-15,CVX,180.59393033258408,180.8219362216628,177.0349933228906,180.02886962890625,6665700
2026-07-16,CVX,180.99046969361547,183.2309114468484,180.3758234501959,182.26930236816406,6257600
2026-07-17,CVX,185.84806781461606,186.5221774006786,183.8951104450309,185.75885009765625,7058300
2026-07-20,CVX,184.67827052717857,188.703157383451,184.3213845295161,188.06869506835938,7767000
2026-07-21,CVX,188.85185534793104,189.60527462703973,187.68207158878008,189.41693115234375,6892400
2026-07-22,CVX,191.7267587657066,192.0241662866403,190.27939869155074,191.31039428710938,6142400
2026-07-23,CVX,194.60168530647266,195.9796589162297,192.34141226495422,192.73794555664062,8150000
2026-07-24,CVX,192.77760468776617,195.16674268877938,192.12331115349815,193.104736328125,6700400
2026-07-27,CVX,187.0376907964813,190.82464874253338,187.0376907964813,188.35618591308594,7369200
2026-07-28,CVX,189.8134672272052,190.30914139552678,185.11447066587763,185.95712280273438,7406800
2026-07-29,CVX,190.83455081810604,191.88537761271655,189.12943050455033,190.20008850097656,8101200
2026-07-30,CVX,188.26696452250857,191.44918418306943,187.67214947524624,190.6461944580078,6645000
2026-07-31,CVX,193.42197014392966,195.84086245030258,189.8828494022017,195.12709045410156,9958100
2026-08-03,CVX,193.68964546360823,194.16548843611125,190.15052459325534,191.5086669921875,9544100
2026-08-04,CVX,188.50487898184394,189.81346603887252,184.7278442631638,188.75271606445312,9455900
2026-08-05,CVX,189.53588489986126,189.72424349814156,184.65845305327434,184.7972412109375,8260600
2026-08-06,CVX,187.33508936043367,188.13807906271805,185.4019632018278,187.59283447265625,7182100
2026-08-07,CVX,184.59897527825967,186.12564501836846,184.2619053568443,184.94593811035156,7098800
2026-08-10,CVX,187.24587981009512,193.30301878907449,187.24587981009512,193.2237091064453,13667300
2026-08-11,CVX,192.56941920624195,195.7516541021881,192.56941920624195,194.9585723876953,6049800
2026-08-12,CVX,193.53102805055298,195.69216021451425,192.89656570522,194.8990936279297,7366200
2026-08-13,CVX,193.31292550662153,196.3861113987189,192.07374008670726,195.98956298828125,5908900
2026-08-14,CVX,197.14944011106155,199.88557121858932,196.64385790182394,198.26966857910156,7910500
2026-08-17,CVX,198.99334689273124,201.91782145332886,198.07140020275753,200.94630432128906,8357800
2026-08-18,CVX,203.2561427580939,204.43584966709753,201.94757085501675,203.9600067138672,7701600
2026-08-19,CVX,205.0500030517578,207.67999267578125,204.25999450683594,205.75999450683594,8689900
2026-08-20,CVX,208.89999389648438,208.97999572753906,205.52000427246094,205.77000427246094,8200600
2026-08-21,CVX,205.92999267578125,207.82000732421875,205.00999450683594,205.27000427246094,7359100
2026-04-15,GOVT,22.667258860478732,22.667258860478732,22.627750752558377,22.647504806518555,5424700
2026-04-16,GOVT,22.667260059301892,22.667260059301892,22.598120866784644,22.60799789428711,5649400
2026-04-17,GOVT,22.696889101105835,22.726520183408454,22.677135046237424,22.70676612854004,6138900
2026-04-20,GOVT,22.696887969970703,22.70676499691267,22.667258772995062,22.696887969970703,6649400
2026-04-21,GOVT,22.667259281325155,22.677134424638314,22.617874145507812,22.617874145507812,6126300
2026-04-22,GOVT,22.667258860478732,22.677134003608547,22.627750752558377,22.647504806518555,5436400
2026-04-23,GOVT,22.6376289767945,22.667260059301892,22.57836869563009,22.60799789428711,6422100
2026-04-24,GOVT,22.60799782772098,22.65738296508789,22.58824565662458,22.65738296508789,6534600
2026-04-27,GOVT,22.62775117267128,22.647505226998216,22.598120091180878,22.617874145507812,5769400
2026-04-28,GOVT,22.58824572313255,22.60799789428711,22.568491668127624,22.60799789428711,5283700
2026-04-29,GOVT,22.54873699294731,22.558614020178116,22.48947671341278,22.519105911254883,7528200
2026-04-30,GOVT,22.548737348431445,22.558614375817964,22.51910626627188,22.538860321044922,5489000
2026-05-01,GOVT,22.557683730812478,22.617123737379735,22.52796278274698,22.567590713500977,9769800
2026-05-04,GOVT,22.527964281952567,22.53787126530036,22.45861728808186,22.49824333190918,7175400
2026-05-05,GOVT,22.508149886347823,22.537870835824858,22.508149886347823,22.518056869506836,7176500
2026-05-06,GOVT,22.607215667934227,22.617122650146484,22.58740170350971,22.617122650146484,5809700
2026-05-07,GOVT,22.636937702756736,22.646844685445235,22.54777674812398,22.567590713500977,5704400
2026-05-08,GOVT,22.617122863653435,22.627029845959218,22.597308899041874,22.607215881347656,4791300
2026-05-11,GOVT,22.597309986268137,22.597309986268137,22.547776961919713,22.55768394470215,7886600
2026-05-12,GOVT,22.508150547795395,22.508150547795395,22.478431487008837,22.488338470458984,6042300
2026-05-13,GOVT,22.488338470458984,22.49824356434525,22.448710536658393,22.488338470458984,7219700
2026-05-14,GOVT,22.52796451469569,22.537871498145837,22.478431487008837,22.488338470458984,5739800
2026-05-15,GOVT,22.389269517738235,22.389269517738235,22.339734602717154,22.359548568725586,10165100
2026-05-18,GOVT,22.379362534734017,22.39917650074245,22.319922526272524,22.359548568725586,12335900
2026-05-19,GOVT,22.2901990666956,22.319920012360754,22.26047812103045,22.300106048583984,15550300
2026-05-20,GOVT,22.300107707232122,22.409082626546148,22.290200724606873,22.3991756439209,12115600
2026-05-21,GOVT,22.33973330430633,22.418987274169922,22.319921229013197,22.418987274169922,7835800
2026-05-22,GOVT,22.438800811767578,22.45861477624712,22.379360807892606,22.438800811767578,6303200
2026-05-26,GOVT,22.49824356434525,22.508150547795395,22.468524503558687,22.488338470458984,5887400
2026-05-27,GOVT,22.508148193359375,22.52796215818706,22.498241210945537,22.508148193359375,6541100
2026-05-28,GOVT,22.508149244397494,22.567591141656234,22.49824226152104,22.54777717590332,21832700
2026-05-29,GOVT,22.567590713500977,22.587402789314236,22.54777674812398,22.567590713500977,11479200
2026-06-01,GOVT,22.508956135627567,22.548707962036133,22.479144161292552,22.548707962036133,9325200
2026-06-02,GOVT,22.578521174584488,22.578521174584488,22.548709198614574,22.55864715576172,37059900
2026-06-03,GOVT,22.51889419555664,22.538770108852123,22.499018282261158,22.51889419555664,10164600
2026-06-04,GOVT,22.558645918638277,22.568581979769007,22.538770005433992,22.548707962036133,7239600
2026-06-05,GOVT,22.47914572096354,22.489081782783668,22.44933184908854,22.469207763671875,5387700
2026-06-08,GOVT,22.499019173304447,22.508957130345767,22.439393326528016,22.449331283569336,6159600
2026-06-09,GOVT,22.469207646554665,22.499019622802734,22.459269689314798,22.499019622802734,6339000
2026-06-10,GOVT,22.499019740075337,22.508957697367002,22.459269806380206,22.469207763671875,7419300
2026-06-11,GOVT,22.4890813394067,22.598396971988315,22.479145277782465,22.588459014892578,7943500
2026-06-12,GOVT,22.558646473414953,22.57852049163658,22.528832602875326,22.56858253479004,7612800
2026-06-15,GOVT,22.598396971988315,22.618272886179792,22.57852105779684,22.588459014892578,5846100
2026-06-16,GOVT,22.588458240728468,22.63814802450416,22.588458240728468,22.628210067749023,5619000
2026-06-17,GOVT,22.61827300317306,22.638148917467344,22.538771241467433,22.55864715576172,7031200
2026-06-18,GOVT,22.618273452339615,22.658023386246047,22.598397537650623,22.608335494995117,5437200
2026-06-22,GOVT,22.5685826508807,22.5685826508807,22.528832718761517,22.53877067565918,12769100
2026-06-23,GOVT,22.558646473414953,22.588458448483124,22.558646473414953,22.56858253479004,5687600
2026-06-24,GOVT,22.648086431595658,22.68783636393517,22.638148474642914,22.677898406982422,6245600
2026-06-25,GOVT,22.707711606677403,22.72758751999543,22.677897736700363,22.687835693359375,6018100
2026-06-26,GOVT,22.687835589997654,22.727587416452607,22.677897633383914,22.717649459838867,21476700
2026-06-29,GOVT,22.707712739255086,22.727588653564453,22.697774782100407,22.727588653564453,5877000
2026-06-30,GOVT,22.69777510979202,22.69777510979202,22.61827334687829,22.63814926147461,5357400
2026-07-01,GOVT,22.57634925842285,22.616220104109892,22.57634925842285,22.57634925842285,10080600
2026-07-02,GOVT,22.596285051073384,22.63615399626635,22.58631733948849,22.616220474243164,6249500
2026-07-06,GOVT,22.616220474243164,22.616220474243164,22.58631733948849,22.616220474243164,9544500
2026-07-07,GOVT,22.586316512168253,22.586316512168253,22.516544434776314,22.526512145996094,7098400
2026-07-08,GOVT,22.486641023034345,22.506576445227374,22.456739790891305,22.49660873413086,6617900
2026-07-09,GOVT,22.506576723556535,22.546447568435656,22.49660901233675,22.526512145996094,5425000
2026-07-10,GOVT,22.53647976439847,22.53647976439847,22.49660891968356,22.516544342041016,7908600
2026-07-13,GOVT,22.486642474866397,22.49661018660647,22.446773529052734,22.446773529052734,6055700
2026-07-14,GOVT,22.506576445227374,22.536479578516918,22.476673311937834,22.49660873413086,6642700
2026-07-15,GOVT,22.50657681616878,22.556413471326234,22.50657681616878,22.536479949951172,10427400
2026-07-16,GOVT,22.49660901233675,22.536479857215873,22.486641301116972,22.526512145996094,5924300
2026-07-17,GOVT,22.566381361852677,22.596284495872613,22.546447840319264,22.556413650512695,6868800
2026-07-20,GOVT,22.526511867420403,22.536479578516918,22.476673311937834,22.49660873413086,5385600
2026-07-21,GOVT,22.466709044788814,22.476674855423187,22.43680590944581,22.456741333007812,5424100
2026-07-22,GOVT,22.45674105611688,22.45674105611688,22.41687020948448,22.426837921142578,5335000
2026-07-23,GOVT,22.36703309726052,22.386966619024548,22.357065385805225,22.37700080871582,9714100
2026-07-24,GOVT,22.406902313232422,22.44677315953636,22.396934601656437,22.406902313232422,15490200
2026-07-27,GOVT,22.436805817312663,22.466708952532876,22.426838105572592,22.446773529052734,6599300
2026-07-28,GOVT,22.46670759468189,22.51654424922358,22.46670759468189,22.506576538085938,4419600
2026-07-29,GOVT,22.486642289944577,22.496610001602676,22.41687020948448,22.426837921142578,6866300
2026-07-30,GOVT,22.42683801339855,22.44677343679676,22.406902590000342,22.436805725097656,6541100
2026-07-31,GOVT,22.386966619024548,22.396934330479848,22.33712996289463,22.37700080871582,8496300
2026-08-03,GOVT,22.420000076293945,22.43000030517578,22.399999618530273,22.40999984741211,7629500
2026-08-04,GOVT,22.469999313354492,22.5,22.459999084472656,22.489999771118164,7057800
2026-08-05,GOVT,22.489999771118164,22.510000228881836,22.479999542236328,22.510000228881836,6478700
2026-08-06,GOVT,22.479999542236328,22.489999771118164,22.43000030517578,22.450000762939453,6917900
2026-08-07,GOVT,22.510000228881836,22.510000228881836,22.459999084472656,22.489999771118164,5120800
2026-08-10,GOVT,22.450000762939453,22.459999084472656,22.40999984741211,22.420000076293945,6560900
2026-08-11,GOVT,22.450000762939453,22.469999313354492,22.43000030517578,22.440000534057617,5220800
2026-08-12,GOVT,22.479999542236328,22.489999771118164,22.440000534057617,22.450000762939453,10161000
2026-08-13,GOVT,22.510000228881836,22.549999237060547,22.5,22.520000457763672,5374900
2026-08-14,GOVT,22.5,22.510000228881836,22.450000762939453,22.459999084472656,6546200
2026-08-17,GOVT,22.450000762939453,22.459999084472656,22.420000076293945,22.43000030517578,8589200
2026-08-18,GOVT,22.40999984741211,22.459999084472656,22.399999618530273,22.450000762939453,6002700
2026-08-19,GOVT,22.520000457763672,22.540000915527344,22.489999771118164,22.540000915527344,18705300
2026-08-20,GOVT,22.479999542236328,22.510000228881836,22.459999084472656,22.479999542236328,16275300
2026-08-21,GOVT,22.469999313354492,22.479999542236328,22.440000534057617,22.450000762939453,9485100
2026-04-15,LQD,108.1578348134601,108.26614094007863,108.06922480724617,108.24645233154297,30074300
2026-04-16,LQD,108.3153757843455,108.32521633286557,107.72461986277047,107.74430847167969,25833300
2026-04-17,LQD,108.43352730921988,108.59106623501309,108.27599589529612,108.34491729736328,44767700
2026-04-20,LQD,108.34491580971765,108.4236852715327,108.10861493614185,108.33506774902344,19935900
2026-04-21,LQD,108.24645770261834,108.335067713229,107.89200263643707,107.92153930664062,26008100
2026-04-22,LQD,108.26615396917151,108.41384484250392,108.0889264235466,108.12831115722656,17815000
2026-04-23,LQD,108.10861701080351,108.25630036470419,107.57693440115267,107.83292388916016,25668600
2026-04-24,LQD,107.81323931079001,108.039699648355,107.63601176761254,107.91169738769531,23212600
2026-04-27,LQD,107.83292101186852,107.90184241247297,107.51785067883829,107.6064682006836,21833200
2026-04-28,LQD,107.38985551345341,107.65569305419922,107.27170132208346,107.65569305419922,25603500
2026-04-29,LQD,107.36032176681785,107.36032176681785,106.89756056118858,107.05509948730469,21800900
2026-04-30,LQD,107.21263302332409,107.38986056277737,107.06494215513474,107.17324829101562,45530700
2026-05-01,LQD,107.29681131969572,107.75149979124151,107.20784643324413,107.34622955322266,34755500
2026-05-04,LQD,107.20784169961118,107.21772836240581,106.67407502841277,107.0002670288086,21983900
2026-05-05,LQD,107.21773054364364,107.53403588767975,107.15842564829758,107.3956527709961,33609700
2026-05-06,LQD,107.91953380810239,108.05791692609145,107.84045558601882,107.9294204711914,28417400
2026-05-07,LQD,108.1073430857162,108.1271088706504,107.4253066151135,107.48461151123047,24184900
2026-05-08,LQD,107.88988230386063,108.02826542306013,107.83056986612199,107.93930053710938,17503300
2026-05-11,LQD,107.78115499078112,107.91953811429194,107.63288520378678,107.67242431640625,23050600
2026-05-12,LQD,107.35611217434761,107.40553794732804,107.19795573386158,107.30668640136719,26579400
2026-05-13,LQD,107.27704005568567,107.37588406595431,107.04969958619927,107.36600494384766,19083000
2026-05-14,LQD,107.6328774565529,107.68230322909831,107.27703300990542,107.29680633544922,18038000
2026-05-15,LQD,106.62465564462136,106.70372632218145,106.44673342281162,106.6147689819336,49718000
2026-05-18,LQD,106.71361575674365,106.86188553565539,106.25892729837805,106.41708374023438,31145200
2026-05-19,LQD,105.98216004458912,106.1600822693049,105.69550715247405,105.88331604003906,36965500
2026-05-20,LQD,105.93273393131477,106.83223171485292,105.93273393131477,106.70372772216797,34281700
2026-05-21,LQD,106.40719501106835,106.93107501724478,106.21938612533941,106.92118835449219,25440400
2026-05-22,LQD,107.27703775976269,107.27703775976269,106.85200173752096,107.11888885498047,19668800
2026-05-26,LQD,107.71195592021269,107.7416083672815,107.42530302969067,107.5241470336914,23730300
2026-05-27,LQD,107.65265853075384,107.81080743991707,107.56369364203138,107.67242431640625,16208400
2026-05-28,LQD,107.73171672688443,108.14687359060832,107.6131069440894,107.99860382080078,24176800
2026-05-29,LQD,108.12711033420203,108.33468501473544,108.02826632556437,108.09745788574219,26551200
2026-06-01,LQD,107.71347174390473,108.11035415017065,107.58448817907677,108.0805892944336,19298000
2026-06-02,LQD,108.20956351746966,108.28894150585054,108.04089096958648,108.0706558227539,14394700
2026-06-03,LQD,107.74323020064062,107.85237304512917,107.62417078476352,107.77300262451172,24018700
2026-06-04,LQD,108.0309702984594,108.12027243073163,107.95159987743078,108.00120544433594,17881600
2026-06-05,LQD,107.56464154094472,107.62417124914013,107.29674271426167,107.32650756835938,30790300
2026-06-08,LQD,107.58447896929705,107.6440086756751,107.18759659700629,107.21736145019531,21944000
2026-06-09,LQD,107.47533410268262,107.60431765403871,107.20744285912726,107.56463623046875,37925400
2026-06-10,LQD,107.50511026130116,107.66386625188282,107.23721898957245,107.31659698486328,20870100
2026-06-11,LQD,107.58448296089163,108.29886974353983,107.40588626522958,108.22941589355469,34849400
2026-06-12,LQD,108.03096676222704,108.2194875920405,107.79284036713221,108.15995788574219,23423000
2026-06-15,LQD,108.42785337209108,108.48738308071621,108.1301972590635,108.1401138305664,27040500
2026-06-16,LQD,108.25917986258898,108.47746555215784,108.19965015448905,108.26910400390625,24297100
2026-06-17,LQD,108.22941705105823,108.45761931634918,107.86229951440943,107.92182922363281,31079300
2026-06-18,LQD,108.58660757822206,108.60644829080515,108.17980105620154,108.21949005126953,41725500
2026-06-22,LQD,107.88214187152941,107.96151228950016,107.74322660780207,107.93174743652344,22557300
2026-06-23,LQD,107.93175410851609,108.26910679287671,107.8722243988827,108.06074523925781,27509300
2026-06-24,LQD,108.53699070745586,108.75527638786828,108.45761272005106,108.55683898925781,31462200
2026-06-25,LQD,108.72551141016517,108.85449496212364,108.56675543553796,108.64613342285156,33772500
2026-06-26,LQD,108.43777188357949,108.7949652565892,108.40800703081226,108.64613342285156,26033500
2026-06-29,LQD,108.76521117872893,108.88427060159253,108.68583318355168,108.8445816040039,43883300
2026-06-30,LQD,108.64613728587314,108.70566699352422,108.19964933868643,108.21949005126953,32665400
2026-07-01,LQD,107.87298432665278,108.19161222250578,107.79333494919669,107.99246978759766,25563100
2026-07-02,LQD,108.10199394291328,108.25134886681093,107.95263901901562,108.17169189453125,18406000
2026-07-06,LQD,108.14182204337789,108.21151999474729,107.97255667526746,108.2015609741211,17471600
2026-07-07,LQD,107.8232067007837,107.87298661318552,107.30544395555495,107.41497039794922,32025000
2026-07-08,LQD,107.2158306026545,107.28552855400332,106.92707977663598,107.20587158203125,31080600
2026-07-09,LQD,107.2457046508789,107.54441451028525,107.17600669655172,107.2457046508789,24612700
2026-07-10,LQD,107.25566176261769,107.25566176261769,106.85738448933492,106.99678039550781,34114000
2026-07-13,LQD,106.88725778046759,106.96691475727616,106.47902906821173,106.49893951416016,29936100
2026-07-14,LQD,106.69807622968364,106.92708053008327,106.55867272949675,106.74785614013672,33688900
2026-07-15,LQD,106.80759547266173,107.19592131609443,106.80759547266173,107.11626434326172,27178700
2026-07-16,LQD,106.88725091216891,107.10630378606297,106.79764251639786,107.03660583496094,33413200
2026-07-17,LQD,107.20587806749586,107.32536353268227,107.06648215636541,107.09635162353516,25761500
2026-07-20,LQD,107.06647720846767,107.09634667425706,106.64828949440216,106.68811798095703,29445700
2026-07-21,LQD,106.5487258781737,106.58855436614974,106.30975495031745,106.38941192626953,26033300
2026-07-22,LQD,106.29979818250976,106.3694961338376,106.16040227985407,106.2101821899414,20115500
2026-07-23,LQD,105.67251169494368,105.86169510897533,105.61277276272618,105.80195617675781,35690700
2026-07-24,LQD,105.62273216957128,106.03096086872793,105.62273216957128,105.77208709716797,27980000
2026-07-27,LQD,106.10066034437058,106.16040687417079,105.97122345673348,106.0508804321289,33698100
2026-07-28,LQD,106.16040534651933,106.47902564700877,106.1106178384868,106.36949920654297,23347600
2026-07-29,LQD,106.25997544414834,106.33963242040508,105.69243278220688,105.76213073730469,44523200
2026-07-30,LQD,105.89156267644816,106.09070510778113,105.84178276599518,105.95130920410156,30975700
2026-07-31,LQD,105.78204079577206,105.89156723859719,105.54307746438418,105.79199981689453,40904000
2026-08-03,LQD,106.01000213623047,106.25,105.95999908447266,106.11000061035156,30003200
2026-08-04,LQD,106.52999877929688,106.77999877929688,106.4800033569336,106.76000213623047,30075900
2026-08-05,LQD,106.76000213623047,106.94000244140625,106.62000274658203,106.73999786376953,24602300
2026-08-06,LQD,106.41999816894531,106.51000213623047,106.25,106.36000061035156,32079900
2026-08-07,LQD,106.69999694824219,106.73999786376953,106.41000366210938,106.55000305175781,22803900
2026-08-10,LQD,106.2699966430664,106.33000183105469,105.93000030517578,105.95999908447266,26021600
2026-08-11,LQD,106.16999816894531,106.27999877929688,105.95999908447266,105.98999786376953,24716700
2026-08-12,LQD,106.3499984741211,106.38999938964844,106.08999633789062,106.12000274658203,23031500
2026-08-13,LQD,106.5999984741211,106.86000061035156,106.51000213623047,106.55000305175781,25741000
2026-08-14,LQD,106.38999938964844,106.44000244140625,106.0199966430664,106.12000274658203,29528400
2026-08-17,LQD,105.95999908447266,106.0199966430664,105.66999816894531,105.69999694824219,25578600
2026-08-18,LQD,105.48999786376953,105.91000366210938,105.41999816894531,105.83999633789062,33979400
2026-08-19,LQD,106.54000091552734,106.62999725341797,106.29000091552734,106.56999969482422,37259700
2026-08-20,LQD,106.02999877929688,106.30000305175781,105.95999908447266,106.05999755859375,26597500
2026-08-21,LQD,105.97000122070312,106.0199966430664,105.81999969482422,105.91999816894531,24263700
2026-08-22,AAPL,190.50,192.00,189.00,-5.00,1000000
2026-08-22,AAPL,190.50,192.00,189.00,191.20,1000000
2026-08-22,AAPL,190.50,192.00,189.00,191.20,1000000
